# GB10 allocation and DFT-matrix experiment; 2026-10-08; MIT sfFFT.
# CUDA 13.2 (V13.2.86); sm_121; -O3 -std=c++17 --threads 1; B=8 H=768; input_scale=1; max_error=1e-2; io=bf16.
# The cached_twiddle_experiment phase uses DFT and twiddle caches before matrix sharing; its two exploratory runs are included for comparison.
# Baseline device, optimized device, and optimized hybrid each have three repeats. Managed and mapped have one exploratory repeat each.
# Times are warmed CUDA-event convolution timings. Setup and explicit-copy metrics are reported separately.
# Relative L2 error is against cuFFT fp32 on generated calibration inputs; this is not a worst-case bound.
# RUN,phase,repeat,allocator,kernel,source_commit
# RESULT,L,method,config,ms,rel_err
# SELECT,L,method,config,ms,rel_err,max_error,io
# MEMORY,L,allocator,owned_bytes,persistent_host_shadow_bytes,allocation_ms,upload_bytes,download_bytes,copy_ms,setup_ms
RUN,baseline,1,device,legacy,3f93f2bbdc551ec6ce8c3d1cef93baab795e82e7
# MEMORY_CAPS,mapped=1,managed=1,concurrent_managed=1,pageable=1,host_page_tables=1,integrated=1
# NVIDIA GB10 sm_121 48 SMs, smem/block 101376, L2 24 MB, B=8 H=768
# calibration seed=88172645463325252, input_scale=1.000000000e+00, max_error=1.000000000e-02, io=bf16,allocator=device
RESULT,128,cufft_pipeline_fp32,-,0.14524,2.401e-07
RESULT,128,cufft_core_fp32,-,0.07845,2.401e-07
RESULT,128,fused_fp32io,16x16/w4/occ10/smem7168,0.03315,3.814e-04
RESULT,128,fused_bf16io,16x16/w4/occ10/smem7168,0.03420,2.367e-03
RESULT,128,fused_fp16acc_fp32io,16x16/w4/occ12/smem5120,0.02986,5.244e-04
RESULT,128,fused_fp16acc_bf16io,16x16/w4/occ12/smem5120,0.02900,2.415e-03
RESULT,128,fused_fp32io,16x16/w8/occ5/smem11264,0.04497,3.814e-04
RESULT,128,fused_bf16io,16x16/w8/occ5/smem11264,0.04305,2.367e-03
RESULT,128,fused_fp16acc_fp32io,16x16/w8/occ6/smem7168,0.03683,5.244e-04
RESULT,128,fused_fp16acc_bf16io,16x16/w8/occ6/smem7168,0.03682,2.415e-03
SELECT,128,fused_fp16acc_bf16io,16x16/w4/occ12/smem5120,0.02900,2.414541959e-03,1.000000000e-02,bf16
MEMORY,128,device,35446784,6291456,175.772,4720640,22020096,4.111,199.589
RESULT,256,cufft_pipeline_fp32,-,0.32921,2.335e-07
RESULT,256,cufft_core_fp32,-,0.25097,2.335e-07
RESULT,256,fused_fp32io,32x16/w4/occ8/smem11264,0.06554,3.520e-04
RESULT,256,fused_bf16io,32x16/w4/occ8/smem11264,0.06370,2.371e-03
RESULT,256,fused_fp16acc_fp32io,32x16/w4/occ10/smem9216,0.05553,5.324e-04
RESULT,256,fused_fp16acc_bf16io,32x16/w4/occ10/smem9216,0.05529,2.404e-03
RESULT,256,fused_fp32io,16x32/w4/occ8/smem11264,0.08446,3.457e-04
RESULT,256,fused_bf16io,16x32/w4/occ8/smem11264,0.07987,2.369e-03
RESULT,256,fused_fp16acc_fp32io,16x32/w4/occ9/smem9216,0.07008,5.220e-04
RESULT,256,fused_fp16acc_bf16io,16x32/w4/occ9/smem9216,0.07170,2.419e-03
RESULT,256,fused_fp32io,32x16/w8/occ5/smem15360,0.07237,3.520e-04
RESULT,256,fused_bf16io,32x16/w8/occ5/smem15360,0.07170,2.371e-03
RESULT,256,fused_fp16acc_fp32io,32x16/w8/occ6/smem11264,0.06509,5.324e-04
RESULT,256,fused_fp16acc_bf16io,32x16/w8/occ6/smem11264,0.06190,2.404e-03
SELECT,256,fused_fp16acc_bf16io,32x16/w4/occ10/smem9216,0.05529,2.403527438e-03,1.000000000e-02,bf16
MEMORY,256,device,70838272,12582912,2.631,9441280,62914560,1.534,36.287
RESULT,512,cufft_pipeline_fp32,-,0.90882,3.433e-07
RESULT,512,cufft_core_fp32,-,0.67182,3.433e-07
RESULT,512,fused_fp32io,32x32/w4/occ5/smem16384,0.20309,3.344e-04
RESULT,512,fused_bf16io,32x32/w4/occ5/smem16384,0.14957,2.363e-03
RESULT,512,fused_fp16acc_fp32io,32x32/w4/occ6/smem14336,0.19038,5.420e-04
RESULT,512,fused_fp16acc_bf16io,32x32/w4/occ6/smem14336,0.13235,2.402e-03
RESULT,512,fused_fp32io,32x32/w8/occ4/smem20480,0.21036,3.344e-04
RESULT,512,fused_bf16io,32x32/w8/occ4/smem20480,0.16036,2.363e-03
RESULT,512,fused_fp16acc_fp32io,32x32/w8/occ4/smem16384,0.21596,5.420e-04
RESULT,512,fused_fp16acc_bf16io,32x32/w8/occ4/smem16384,0.14903,2.402e-03
RESULT,512,fused_fp32io,64x16/w4/occ3/smem25600,0.27651,3.522e-04
RESULT,512,fused_bf16io,64x16/w4/occ3/smem25600,0.23975,2.365e-03
RESULT,512,fused_fp16acc_fp32io,64x16/w4/occ4/smem23552,0.20988,5.993e-04
RESULT,512,fused_fp16acc_bf16io,64x16/w4/occ4/smem23552,0.18829,2.433e-03
RESULT,512,fused_fp32io,16x64/w4/occ3/smem25600,0.43479,3.468e-04
RESULT,512,fused_bf16io,16x64/w4/occ3/smem25600,0.38363,2.365e-03
RESULT,512,fused_fp16acc_fp32io,16x64/w4/occ4/smem23552,0.32952,5.597e-04
RESULT,512,fused_fp16acc_bf16io,16x64/w4/occ4/smem23552,0.29497,2.424e-03
SELECT,512,fused_fp16acc_bf16io,32x32/w4/occ6/smem14336,0.13235,2.401751558e-03,1.000000000e-02,bf16
MEMORY,512,device,141621248,25165824,5.056,18882560,163577856,6.682,75.562
RESULT,1024,cufft_pipeline_fp32,-,1.83885,2.733e-07
RESULT,1024,cufft_core_fp32,-,1.34668,2.733e-07
RESULT,1024,fused_fp32io,64x32/w4/occ3/smem32768,0.46905,3.355e-04
RESULT,1024,fused_bf16io,64x32/w4/occ3/smem32768,0.44186,2.363e-03
RESULT,1024,fused_fp16acc_fp32io,64x32/w4/occ3/smem30720,0.48189,6.085e-04
RESULT,1024,fused_fp16acc_bf16io,64x32/w4/occ3/smem30720,0.39941,2.435e-03
RESULT,1024,fused_fp32io,32x64/w4/occ3/smem32768,0.65051,3.371e-04
RESULT,1024,fused_bf16io,32x64/w4/occ3/smem32768,0.61022,2.364e-03
RESULT,1024,fused_fp16acc_fp32io,32x64/w4/occ3/smem30720,0.60489,5.783e-04
RESULT,1024,fused_fp16acc_bf16io,32x64/w4/occ3/smem30720,0.55704,2.410e-03
RESULT,1024,fused_fp32io,64x32/w8/occ2/smem36864,0.50888,3.355e-04
RESULT,1024,fused_bf16io,64x32/w8/occ2/smem36864,0.52352,2.363e-03
RESULT,1024,fused_fp16acc_fp32io,64x32/w8/occ3/smem32768,0.45876,6.085e-04
RESULT,1024,fused_fp16acc_bf16io,64x32/w8/occ3/smem32768,0.37860,2.435e-03
RESULT,1024,fused_fp32io,32x64/w8/occ2/smem36864,0.71527,3.371e-04
RESULT,1024,fused_bf16io,32x64/w8/occ2/smem36864,0.69812,2.364e-03
RESULT,1024,fused_fp16acc_fp32io,32x64/w8/occ3/smem32768,0.59185,5.783e-04
RESULT,1024,fused_fp16acc_bf16io,32x64/w8/occ3/smem32768,0.53595,2.410e-03
SELECT,1024,fused_fp16acc_bf16io,64x32/w8/occ3/smem32768,0.37860,2.435428487e-03,1.000000000e-02,bf16
MEMORY,1024,device,283187200,50331648,9.412,37765120,327155712,10.065,149.071
RESULT,2048,cufft_pipeline_fp32,-,4.12955,2.957e-07
RESULT,2048,cufft_core_fp32,-,2.99968,2.957e-07
RESULT,2048,fused_fp32io,16x16x16/w4/occ4/smem23552,0.72391,4.697e-04
RESULT,2048,fused_bf16io,16x16x16/w4/occ4/smem23552,0.68868,2.386e-03
RESULT,2048,fused_fp16acc_fp32io,16x16x16/w4/occ4/smem21504,0.69114,6.275e-04
RESULT,2048,fused_fp16acc_bf16io,16x16x16/w4/occ4/smem21504,0.49180,2.440e-03
RESULT,2048,fused_fp32io,16x16x16/w8/occ3/smem27648,0.66841,4.697e-04
RESULT,2048,fused_bf16io,16x16x16/w8/occ3/smem27648,0.68239,2.386e-03
RESULT,2048,fused_fp16acc_fp32io,16x16x16/w8/occ4/smem23552,0.67033,6.275e-04
RESULT,2048,fused_fp16acc_bf16io,16x16x16/w8/occ4/smem23552,0.48627,2.440e-03
RESULT,2048,fused_fp32io,64x64/w8/occ1/smem57344,1.71002,3.381e-04
RESULT,2048,fused_bf16io,64x64/w8/occ1/smem57344,1.68471,2.363e-03
RESULT,2048,fused_fp16acc_fp32io,64x64/w8/occ1/smem53248,1.58996,6.417e-04
RESULT,2048,fused_fp16acc_bf16io,64x64/w8/occ1/smem53248,1.55305,2.443e-03
RESULT,2048,fused_fp32io,64x64/w4/occ1/smem53248,1.80581,3.381e-04
RESULT,2048,fused_bf16io,64x64/w4/occ1/smem53248,1.77782,2.363e-03
RESULT,2048,fused_fp16acc_fp32io,64x64/w4/occ1/smem51200,1.65265,6.417e-04
RESULT,2048,fused_fp16acc_bf16io,64x64/w4/occ1/smem51200,1.68584,2.443e-03
SELECT,2048,fused_fp16acc_bf16io,16x16x16/w8/occ4/smem23552,0.48627,2.439660081e-03,1.000000000e-02,bf16
MEMORY,2048,device,566319104,100663296,17.952,75530240,654311424,12.890,291.441
RESULT,4096,cufft_pipeline_fp32,-,8.14722,3.081e-07
RESULT,4096,cufft_core_fp32,-,5.92249,3.081e-07
RESULT,4096,fused_fp32io,32x16x16/w4/occ2/smem43008,1.64896,4.284e-04
RESULT,4096,fused_bf16io,32x16x16/w4/occ2/smem43008,1.49710,2.379e-03
RESULT,4096,fused_fp16acc_fp32io,32x16x16/w4/occ2/smem40960,1.52521,6.205e-04
RESULT,4096,fused_fp16acc_bf16io,32x16x16/w4/occ2/smem40960,1.33486,2.421e-03
RESULT,4096,fused_fp32io,16x32x16/w4/occ2/smem43008,1.71818,4.261e-04
RESULT,4096,fused_bf16io,16x32x16/w4/occ2/smem43008,1.56645,2.378e-03
RESULT,4096,fused_fp16acc_fp32io,16x32x16/w4/occ2/smem40960,1.70653,6.169e-04
RESULT,4096,fused_fp16acc_bf16io,16x32x16/w4/occ2/smem40960,1.37399,2.438e-03
RESULT,4096,fused_fp32io,16x16x32/w4/occ2/smem43008,1.87862,4.252e-04
RESULT,4096,fused_bf16io,16x16x32/w4/occ2/smem43008,1.69329,2.378e-03
RESULT,4096,fused_fp16acc_fp32io,16x16x32/w4/occ2/smem40960,1.69526,6.150e-04
RESULT,4096,fused_fp16acc_bf16io,16x16x32/w4/occ2/smem40960,1.45295,2.438e-03
RESULT,4096,fused_fp32io,32x16x16/w8/occ2/smem47104,1.39752,4.284e-04
RESULT,4096,fused_bf16io,32x16x16/w8/occ2/smem47104,1.32314,2.379e-03
RESULT,4096,fused_fp16acc_fp32io,32x16x16/w8/occ2/smem43008,1.40334,6.205e-04
RESULT,4096,fused_fp16acc_bf16io,32x16x16/w8/occ2/smem43008,1.10517,2.421e-03
RESULT,4096,fused_fp32io,16x16x32/w8/occ2/smem47104,1.67864,4.252e-04
RESULT,4096,fused_bf16io,16x16x32/w8/occ2/smem47104,1.63434,2.378e-03
RESULT,4096,fused_fp16acc_fp32io,16x16x32/w8/occ2/smem43008,1.53797,6.150e-04
RESULT,4096,fused_fp16acc_bf16io,16x16x32/w8/occ2/smem43008,1.33397,2.438e-03
SELECT,4096,fused_fp16acc_bf16io,32x16x16/w8/occ2/smem43008,1.10517,2.421442903e-03,1.000000000e-02,bf16
MEMORY,4096,device,1132582912,201326592,34.969,151060480,1610612736,31.424,594.020
RESULT,8192,cufft_pipeline_fp32,-,16.24469,3.684e-07
RESULT,8192,cufft_core_fp32,-,11.75006,3.684e-07
RESULT,8192,fused_fp32io,32x32x16/w4/occ1/smem78848,5.08883,3.972e-04
RESULT,8192,fused_bf16io,32x32x16/w4/occ1/smem78848,4.51053,2.373e-03
RESULT,8192,fused_fp16acc_fp32io,32x32x16/w4/occ1/smem76800,5.05823,6.199e-04
RESULT,8192,fused_fp16acc_bf16io,32x32x16/w4/occ1/smem76800,4.48595,2.420e-03
RESULT,8192,fused_fp32io,16x32x32/w4/occ1/smem78848,5.66063,3.944e-04
RESULT,8192,fused_bf16io,16x32x32/w4/occ1/smem78848,5.17185,2.372e-03
RESULT,8192,fused_fp16acc_fp32io,16x32x32/w4/occ1/smem76800,5.21630,6.140e-04
RESULT,8192,fused_fp16acc_bf16io,16x32x32/w4/occ1/smem76800,4.56133,2.436e-03
RESULT,8192,fused_fp32io,64x16x16/w4/occ1/smem88064,5.32849,4.271e-04
RESULT,8192,fused_bf16io,64x16x16/w4/occ1/smem88064,5.04221,2.378e-03
RESULT,8192,fused_fp16acc_fp32io,64x16x16/w4/occ1/smem86016,5.02741,6.794e-04
RESULT,8192,fused_fp16acc_bf16io,64x16x16/w4/occ1/smem86016,4.72228,2.454e-03
RESULT,8192,fused_fp32io,32x32x16/w8/occ1/smem82944,4.17358,3.972e-04
RESULT,8192,fused_bf16io,32x32x16/w8/occ1/smem82944,3.49197,2.373e-03
RESULT,8192,fused_fp16acc_fp32io,32x32x16/w8/occ1/smem78848,4.06486,6.199e-04
RESULT,8192,fused_fp16acc_bf16io,32x32x16/w8/occ1/smem78848,3.18575,2.420e-03
RESULT,8192,fused_fp32io,16x32x32/w8/occ1/smem82944,4.63411,3.944e-04
RESULT,8192,fused_bf16io,16x32x32/w8/occ1/smem82944,4.04553,2.372e-03
RESULT,8192,fused_fp16acc_fp32io,16x32x32/w8/occ1/smem78848,4.28575,6.140e-04
RESULT,8192,fused_fp16acc_bf16io,16x32x32/w8/occ1/smem78848,3.55565,2.436e-03
RESULT,8192,fused_fp32io,16x16x64/w8/occ1/smem92160,6.19101,4.258e-04
RESULT,8192,fused_bf16io,16x16x64/w8/occ1/smem92160,5.56213,2.378e-03
RESULT,8192,fused_fp16acc_fp32io,16x16x64/w8/occ1/smem88064,5.69814,6.463e-04
RESULT,8192,fused_fp16acc_bf16io,16x16x64/w8/occ1/smem88064,5.04082,2.445e-03
SELECT,8192,fused_fp16acc_bf16io,32x32x16/w8/occ1/smem78848,3.18575,2.420119196e-03,1.000000000e-02,bf16
MEMORY,8192,device,2265110528,402653184,68.319,302120960,3825205248,73.370,1189.308
RUN,baseline,2,device,legacy,3f93f2bbdc551ec6ce8c3d1cef93baab795e82e7
# MEMORY_CAPS,mapped=1,managed=1,concurrent_managed=1,pageable=1,host_page_tables=1,integrated=1
# NVIDIA GB10 sm_121 48 SMs, smem/block 101376, L2 24 MB, B=8 H=768
# calibration seed=88172645463325252, input_scale=1.000000000e+00, max_error=1.000000000e-02, io=bf16,allocator=device
RESULT,128,cufft_pipeline_fp32,-,0.14789,2.401e-07
RESULT,128,cufft_core_fp32,-,0.07558,2.401e-07
RESULT,128,fused_fp32io,16x16/w4/occ10/smem7168,0.03630,3.814e-04
RESULT,128,fused_bf16io,16x16/w4/occ10/smem7168,0.03279,2.367e-03
RESULT,128,fused_fp16acc_fp32io,16x16/w4/occ12/smem5120,0.03019,5.244e-04
RESULT,128,fused_fp16acc_bf16io,16x16/w4/occ12/smem5120,0.03178,2.415e-03
RESULT,128,fused_fp32io,16x16/w8/occ5/smem11264,0.04303,3.814e-04
RESULT,128,fused_bf16io,16x16/w8/occ5/smem11264,0.04307,2.367e-03
RESULT,128,fused_fp16acc_fp32io,16x16/w8/occ6/smem7168,0.03881,5.244e-04
RESULT,128,fused_fp16acc_bf16io,16x16/w8/occ6/smem7168,0.03686,2.415e-03
SELECT,128,fused_fp16acc_bf16io,16x16/w4/occ12/smem5120,0.03178,2.414541959e-03,1.000000000e-02,bf16
MEMORY,128,device,35446784,6291456,179.790,4720640,22020096,4.143,204.453
RESULT,256,cufft_pipeline_fp32,-,0.32864,2.335e-07
RESULT,256,cufft_core_fp32,-,0.25371,2.335e-07
RESULT,256,fused_fp32io,32x16/w4/occ8/smem11264,0.06850,3.520e-04
RESULT,256,fused_bf16io,32x16/w4/occ8/smem11264,0.06351,2.371e-03
RESULT,256,fused_fp16acc_fp32io,32x16/w4/occ10/smem9216,0.05572,5.324e-04
RESULT,256,fused_fp16acc_bf16io,32x16/w4/occ10/smem9216,0.05532,2.404e-03
RESULT,256,fused_fp32io,16x32/w4/occ8/smem11264,0.08194,3.457e-04
RESULT,256,fused_bf16io,16x32/w4/occ8/smem11264,0.08165,2.369e-03
RESULT,256,fused_fp16acc_fp32io,16x32/w4/occ9/smem9216,0.07097,5.220e-04
RESULT,256,fused_fp16acc_bf16io,16x32/w4/occ9/smem9216,0.06960,2.419e-03
RESULT,256,fused_fp32io,32x16/w8/occ5/smem15360,0.07778,3.520e-04
RESULT,256,fused_bf16io,32x16/w8/occ5/smem15360,0.07212,2.371e-03
RESULT,256,fused_fp16acc_fp32io,32x16/w8/occ6/smem11264,0.06351,5.324e-04
RESULT,256,fused_fp16acc_bf16io,32x16/w8/occ6/smem11264,0.06416,2.404e-03
SELECT,256,fused_fp16acc_bf16io,32x16/w4/occ10/smem9216,0.05532,2.403527438e-03,1.000000000e-02,bf16
MEMORY,256,device,70838272,12582912,2.997,9441280,62914560,1.418,36.735
RESULT,512,cufft_pipeline_fp32,-,0.91239,3.433e-07
RESULT,512,cufft_core_fp32,-,0.66527,3.433e-07
RESULT,512,fused_fp32io,32x32/w4/occ5/smem16384,0.20782,3.344e-04
RESULT,512,fused_bf16io,32x32/w4/occ5/smem16384,0.14952,2.363e-03
RESULT,512,fused_fp16acc_fp32io,32x32/w4/occ6/smem14336,0.20250,5.420e-04
RESULT,512,fused_fp16acc_bf16io,32x32/w4/occ6/smem14336,0.12949,2.402e-03
RESULT,512,fused_fp32io,32x32/w8/occ4/smem20480,0.21496,3.344e-04
RESULT,512,fused_bf16io,32x32/w8/occ4/smem20480,0.16084,2.363e-03
RESULT,512,fused_fp16acc_fp32io,32x32/w8/occ4/smem16384,0.21938,5.420e-04
RESULT,512,fused_fp16acc_bf16io,32x32/w8/occ4/smem16384,0.14746,2.402e-03
RESULT,512,fused_fp32io,64x16/w4/occ3/smem25600,0.27352,3.522e-04
RESULT,512,fused_bf16io,64x16/w4/occ3/smem25600,0.24156,2.365e-03
RESULT,512,fused_fp16acc_fp32io,64x16/w4/occ4/smem23552,0.21553,5.993e-04
RESULT,512,fused_fp16acc_bf16io,64x16/w4/occ4/smem23552,0.18867,2.433e-03
RESULT,512,fused_fp32io,16x64/w4/occ3/smem25600,0.42318,3.468e-04
RESULT,512,fused_bf16io,16x64/w4/occ3/smem25600,0.38383,2.365e-03
RESULT,512,fused_fp16acc_fp32io,16x64/w4/occ4/smem23552,0.34785,5.597e-04
RESULT,512,fused_fp16acc_bf16io,16x64/w4/occ4/smem23552,0.29478,2.424e-03
SELECT,512,fused_fp16acc_bf16io,32x32/w4/occ6/smem14336,0.12949,2.401751558e-03,1.000000000e-02,bf16
MEMORY,512,device,141621248,25165824,5.718,18882560,163577856,6.741,78.588
RESULT,1024,cufft_pipeline_fp32,-,1.84302,2.733e-07
RESULT,1024,cufft_core_fp32,-,1.36071,2.733e-07
RESULT,1024,fused_fp32io,64x32/w4/occ3/smem32768,0.46146,3.355e-04
RESULT,1024,fused_bf16io,64x32/w4/occ3/smem32768,0.44145,2.363e-03
RESULT,1024,fused_fp16acc_fp32io,64x32/w4/occ3/smem30720,0.47103,6.085e-04
RESULT,1024,fused_fp16acc_bf16io,64x32/w4/occ3/smem30720,0.40178,2.435e-03
RESULT,1024,fused_fp32io,32x64/w4/occ3/smem32768,0.64791,3.371e-04
RESULT,1024,fused_bf16io,32x64/w4/occ3/smem32768,0.59570,2.364e-03
RESULT,1024,fused_fp16acc_fp32io,32x64/w4/occ3/smem30720,0.58264,5.783e-04
RESULT,1024,fused_fp16acc_bf16io,32x64/w4/occ3/smem30720,0.57478,2.410e-03
RESULT,1024,fused_fp32io,64x32/w8/occ2/smem36864,0.52203,3.355e-04
RESULT,1024,fused_bf16io,64x32/w8/occ2/smem36864,0.49399,2.363e-03
RESULT,1024,fused_fp16acc_fp32io,64x32/w8/occ3/smem32768,0.43257,6.085e-04
RESULT,1024,fused_fp16acc_bf16io,64x32/w8/occ3/smem32768,0.39114,2.435e-03
RESULT,1024,fused_fp32io,32x64/w8/occ2/smem36864,0.71211,3.371e-04
RESULT,1024,fused_bf16io,32x64/w8/occ2/smem36864,0.70061,2.364e-03
RESULT,1024,fused_fp16acc_fp32io,32x64/w8/occ3/smem32768,0.55823,5.783e-04
RESULT,1024,fused_fp16acc_bf16io,32x64/w8/occ3/smem32768,0.52223,2.410e-03
SELECT,1024,fused_fp16acc_bf16io,64x32/w8/occ3/smem32768,0.39114,2.435428487e-03,1.000000000e-02,bf16
MEMORY,1024,device,283187200,50331648,10.502,37765120,327155712,9.862,151.627
RESULT,2048,cufft_pipeline_fp32,-,4.04470,2.957e-07
RESULT,2048,cufft_core_fp32,-,2.98801,2.957e-07
RESULT,2048,fused_fp32io,16x16x16/w4/occ4/smem23552,0.77023,4.697e-04
RESULT,2048,fused_bf16io,16x16x16/w4/occ4/smem23552,0.63789,2.386e-03
RESULT,2048,fused_fp16acc_fp32io,16x16x16/w4/occ4/smem21504,0.64705,6.275e-04
RESULT,2048,fused_fp16acc_bf16io,16x16x16/w4/occ4/smem21504,0.53064,2.440e-03
RESULT,2048,fused_fp32io,16x16x16/w8/occ3/smem27648,0.74272,4.697e-04
RESULT,2048,fused_bf16io,16x16x16/w8/occ3/smem27648,0.63538,2.386e-03
RESULT,2048,fused_fp16acc_fp32io,16x16x16/w8/occ4/smem23552,0.62531,6.275e-04
RESULT,2048,fused_fp16acc_bf16io,16x16x16/w8/occ4/smem23552,0.52823,2.440e-03
RESULT,2048,fused_fp32io,64x64/w8/occ1/smem57344,1.63877,3.381e-04
RESULT,2048,fused_bf16io,64x64/w8/occ1/smem57344,1.66245,2.363e-03
RESULT,2048,fused_fp16acc_fp32io,64x64/w8/occ1/smem53248,1.52105,6.417e-04
RESULT,2048,fused_fp16acc_bf16io,64x64/w8/occ1/smem53248,1.48918,2.443e-03
RESULT,2048,fused_fp32io,64x64/w4/occ1/smem53248,1.81037,3.381e-04
RESULT,2048,fused_bf16io,64x64/w4/occ1/smem53248,1.76880,2.363e-03
RESULT,2048,fused_fp16acc_fp32io,64x64/w4/occ1/smem51200,1.66649,6.417e-04
RESULT,2048,fused_fp16acc_bf16io,64x64/w4/occ1/smem51200,1.68775,2.443e-03
SELECT,2048,fused_fp16acc_bf16io,16x16x16/w8/occ4/smem23552,0.52823,2.439660081e-03,1.000000000e-02,bf16
MEMORY,2048,device,566319104,100663296,19.985,75530240,654311424,12.802,300.641
RESULT,4096,cufft_pipeline_fp32,-,8.10955,3.081e-07
RESULT,4096,cufft_core_fp32,-,6.03975,3.081e-07
RESULT,4096,fused_fp32io,32x16x16/w4/occ2/smem43008,1.65303,4.284e-04
RESULT,4096,fused_bf16io,32x16x16/w4/occ2/smem43008,1.50637,2.379e-03
RESULT,4096,fused_fp16acc_fp32io,32x16x16/w4/occ2/smem40960,1.55292,6.205e-04
RESULT,4096,fused_fp16acc_bf16io,32x16x16/w4/occ2/smem40960,1.34475,2.421e-03
RESULT,4096,fused_fp32io,16x32x16/w4/occ2/smem43008,1.77037,4.261e-04
RESULT,4096,fused_bf16io,16x32x16/w4/occ2/smem43008,1.57924,2.378e-03
RESULT,4096,fused_fp16acc_fp32io,16x32x16/w4/occ2/smem40960,1.60852,6.169e-04
RESULT,4096,fused_fp16acc_bf16io,16x32x16/w4/occ2/smem40960,1.34639,2.438e-03
RESULT,4096,fused_fp32io,16x16x32/w4/occ2/smem43008,1.87728,4.252e-04
RESULT,4096,fused_bf16io,16x16x32/w4/occ2/smem43008,1.70367,2.378e-03
RESULT,4096,fused_fp16acc_fp32io,16x16x32/w4/occ2/smem40960,1.70350,6.150e-04
RESULT,4096,fused_fp16acc_bf16io,16x16x32/w4/occ2/smem40960,1.45901,2.438e-03
RESULT,4096,fused_fp32io,32x16x16/w8/occ2/smem47104,1.43338,4.284e-04
RESULT,4096,fused_bf16io,32x16x16/w8/occ2/smem47104,1.33172,2.379e-03
RESULT,4096,fused_fp16acc_fp32io,32x16x16/w8/occ2/smem43008,1.38734,6.205e-04
RESULT,4096,fused_fp16acc_bf16io,32x16x16/w8/occ2/smem43008,1.03141,2.421e-03
RESULT,4096,fused_fp32io,16x16x32/w8/occ2/smem47104,1.62260,4.252e-04
RESULT,4096,fused_bf16io,16x16x32/w8/occ2/smem47104,1.63151,2.378e-03
RESULT,4096,fused_fp16acc_fp32io,16x16x32/w8/occ2/smem43008,1.49428,6.150e-04
RESULT,4096,fused_fp16acc_bf16io,16x16x32/w8/occ2/smem43008,1.28717,2.438e-03
SELECT,4096,fused_fp16acc_bf16io,32x16x16/w8/occ2/smem43008,1.03141,2.421442903e-03,1.000000000e-02,bf16
MEMORY,4096,device,1132582912,201326592,39.232,151060480,1610612736,30.817,609.365
RESULT,8192,cufft_pipeline_fp32,-,16.01630,3.684e-07
RESULT,8192,cufft_core_fp32,-,11.88098,3.684e-07
RESULT,8192,fused_fp32io,32x32x16/w4/occ1/smem78848,5.00284,3.972e-04
RESULT,8192,fused_bf16io,32x32x16/w4/occ1/smem78848,4.48830,2.373e-03
RESULT,8192,fused_fp16acc_fp32io,32x32x16/w4/occ1/smem76800,5.03289,6.199e-04
RESULT,8192,fused_fp16acc_bf16io,32x32x16/w4/occ1/smem76800,4.47110,2.420e-03
RESULT,8192,fused_fp32io,16x32x32/w4/occ1/smem78848,5.59180,3.944e-04
RESULT,8192,fused_bf16io,16x32x32/w4/occ1/smem78848,5.13164,2.372e-03
RESULT,8192,fused_fp16acc_fp32io,16x32x32/w4/occ1/smem76800,5.22877,6.140e-04
RESULT,8192,fused_fp16acc_bf16io,16x32x32/w4/occ1/smem76800,4.57558,2.436e-03
RESULT,8192,fused_fp32io,64x16x16/w4/occ1/smem88064,5.40983,4.271e-04
RESULT,8192,fused_bf16io,64x16x16/w4/occ1/smem88064,5.08521,2.378e-03
RESULT,8192,fused_fp16acc_fp32io,64x16x16/w4/occ1/smem86016,4.99481,6.794e-04
RESULT,8192,fused_fp16acc_bf16io,64x16x16/w4/occ1/smem86016,4.74165,2.454e-03
RESULT,8192,fused_fp32io,32x32x16/w8/occ1/smem82944,4.15116,3.972e-04
RESULT,8192,fused_bf16io,32x32x16/w8/occ1/smem82944,3.50683,2.373e-03
RESULT,8192,fused_fp16acc_fp32io,32x32x16/w8/occ1/smem78848,3.98805,6.199e-04
RESULT,8192,fused_fp16acc_bf16io,32x32x16/w8/occ1/smem78848,3.15794,2.420e-03
RESULT,8192,fused_fp32io,16x32x32/w8/occ1/smem82944,4.59113,3.944e-04
RESULT,8192,fused_bf16io,16x32x32/w8/occ1/smem82944,4.05032,2.372e-03
RESULT,8192,fused_fp16acc_fp32io,16x32x32/w8/occ1/smem78848,4.15193,6.140e-04
RESULT,8192,fused_fp16acc_bf16io,16x32x32/w8/occ1/smem78848,3.59526,2.436e-03
RESULT,8192,fused_fp32io,16x16x64/w8/occ1/smem92160,6.16790,4.258e-04
RESULT,8192,fused_bf16io,16x16x64/w8/occ1/smem92160,5.62812,2.378e-03
RESULT,8192,fused_fp16acc_fp32io,16x16x64/w8/occ1/smem88064,5.68165,6.463e-04
RESULT,8192,fused_fp16acc_bf16io,16x16x64/w8/occ1/smem88064,5.00076,2.445e-03
SELECT,8192,fused_fp16acc_bf16io,32x32x16/w8/occ1/smem78848,3.15794,2.420119196e-03,1.000000000e-02,bf16
MEMORY,8192,device,2265110528,402653184,75.822,302120960,3825205248,73.729,1217.157
RUN,baseline,3,device,legacy,3f93f2bbdc551ec6ce8c3d1cef93baab795e82e7
# MEMORY_CAPS,mapped=1,managed=1,concurrent_managed=1,pageable=1,host_page_tables=1,integrated=1
# NVIDIA GB10 sm_121 48 SMs, smem/block 101376, L2 24 MB, B=8 H=768
# calibration seed=88172645463325252, input_scale=1.000000000e+00, max_error=1.000000000e-02, io=bf16,allocator=device
RESULT,128,cufft_pipeline_fp32,-,0.14297,2.401e-07
RESULT,128,cufft_core_fp32,-,0.07677,2.401e-07
RESULT,128,fused_fp32io,16x16/w4/occ10/smem7168,0.03396,3.814e-04
RESULT,128,fused_bf16io,16x16/w4/occ10/smem7168,0.03279,2.367e-03
RESULT,128,fused_fp16acc_fp32io,16x16/w4/occ12/smem5120,0.03120,5.244e-04
RESULT,128,fused_fp16acc_bf16io,16x16/w4/occ12/smem5120,0.02938,2.415e-03
RESULT,128,fused_fp32io,16x16/w8/occ5/smem11264,0.04304,3.814e-04
RESULT,128,fused_bf16io,16x16/w8/occ5/smem11264,0.04529,2.367e-03
RESULT,128,fused_fp16acc_fp32io,16x16/w8/occ6/smem7168,0.03686,5.244e-04
RESULT,128,fused_fp16acc_bf16io,16x16/w8/occ6/smem7168,0.03684,2.415e-03
SELECT,128,fused_fp16acc_bf16io,16x16/w4/occ12/smem5120,0.02938,2.414541959e-03,1.000000000e-02,bf16
MEMORY,128,device,35446784,6291456,186.101,4720640,22020096,4.617,210.709
RESULT,256,cufft_pipeline_fp32,-,0.32921,2.335e-07
RESULT,256,cufft_core_fp32,-,0.24802,2.335e-07
RESULT,256,fused_fp32io,32x16/w4/occ8/smem11264,0.06558,3.520e-04
RESULT,256,fused_bf16io,32x16/w4/occ8/smem11264,0.06433,2.371e-03
RESULT,256,fused_fp16acc_fp32io,32x16/w4/occ10/smem9216,0.05662,5.324e-04
RESULT,256,fused_fp16acc_bf16io,32x16/w4/occ10/smem9216,0.05535,2.404e-03
RESULT,256,fused_fp32io,16x32/w4/occ8/smem11264,0.08497,3.457e-04
RESULT,256,fused_bf16io,16x32/w4/occ8/smem11264,0.08039,2.369e-03
RESULT,256,fused_fp16acc_fp32io,16x32/w4/occ9/smem9216,0.07121,5.220e-04
RESULT,256,fused_fp16acc_bf16io,16x32/w4/occ9/smem9216,0.07202,2.419e-03
RESULT,256,fused_fp32io,32x16/w8/occ5/smem15360,0.07370,3.520e-04
RESULT,256,fused_bf16io,32x16/w8/occ5/smem15360,0.07168,2.371e-03
RESULT,256,fused_fp16acc_fp32io,32x16/w8/occ6/smem11264,0.06687,5.324e-04
RESULT,256,fused_fp16acc_bf16io,32x16/w8/occ6/smem11264,0.06209,2.404e-03
SELECT,256,fused_fp16acc_bf16io,32x16/w4/occ10/smem9216,0.05535,2.403527438e-03,1.000000000e-02,bf16
MEMORY,256,device,70838272,12582912,3.273,9441280,62914560,1.426,37.365
RESULT,512,cufft_pipeline_fp32,-,0.91265,3.433e-07
RESULT,512,cufft_core_fp32,-,0.67380,3.433e-07
RESULT,512,fused_fp32io,32x32/w4/occ5/smem16384,0.20636,3.344e-04
RESULT,512,fused_bf16io,32x32/w4/occ5/smem16384,0.15419,2.363e-03
RESULT,512,fused_fp16acc_fp32io,32x32/w4/occ6/smem14336,0.19838,5.420e-04
RESULT,512,fused_fp16acc_bf16io,32x32/w4/occ6/smem14336,0.13223,2.402e-03
RESULT,512,fused_fp32io,32x32/w8/occ4/smem20480,0.21505,3.344e-04
RESULT,512,fused_bf16io,32x32/w8/occ4/smem20480,0.15772,2.363e-03
RESULT,512,fused_fp16acc_fp32io,32x32/w8/occ4/smem16384,0.23544,5.420e-04
RESULT,512,fused_fp16acc_bf16io,32x32/w8/occ4/smem16384,0.14550,2.402e-03
RESULT,512,fused_fp32io,64x16/w4/occ3/smem25600,0.28847,3.522e-04
RESULT,512,fused_bf16io,64x16/w4/occ3/smem25600,0.24135,2.365e-03
RESULT,512,fused_fp16acc_fp32io,64x16/w4/occ4/smem23552,0.21963,5.993e-04
RESULT,512,fused_fp16acc_bf16io,64x16/w4/occ4/smem23552,0.18916,2.433e-03
RESULT,512,fused_fp32io,16x64/w4/occ3/smem25600,0.43455,3.468e-04
RESULT,512,fused_bf16io,16x64/w4/occ3/smem25600,0.38364,2.365e-03
RESULT,512,fused_fp16acc_fp32io,16x64/w4/occ4/smem23552,0.33423,5.597e-04
RESULT,512,fused_fp16acc_bf16io,16x64/w4/occ4/smem23552,0.29780,2.424e-03
SELECT,512,fused_fp16acc_bf16io,32x32/w4/occ6/smem14336,0.13223,2.401751558e-03,1.000000000e-02,bf16
MEMORY,512,device,141621248,25165824,5.806,18882560,163577856,7.022,80.745
RESULT,1024,cufft_pipeline_fp32,-,1.89189,2.733e-07
RESULT,1024,cufft_core_fp32,-,1.32225,2.733e-07
RESULT,1024,fused_fp32io,64x32/w4/occ3/smem32768,0.46442,3.355e-04
RESULT,1024,fused_bf16io,64x32/w4/occ3/smem32768,0.44004,2.363e-03
RESULT,1024,fused_fp16acc_fp32io,64x32/w4/occ3/smem30720,0.46505,6.085e-04
RESULT,1024,fused_fp16acc_bf16io,64x32/w4/occ3/smem30720,0.41219,2.435e-03
RESULT,1024,fused_fp32io,32x64/w4/occ3/smem32768,0.63887,3.371e-04
RESULT,1024,fused_bf16io,32x64/w4/occ3/smem32768,0.59862,2.364e-03
RESULT,1024,fused_fp16acc_fp32io,32x64/w4/occ3/smem30720,0.58576,5.783e-04
RESULT,1024,fused_fp16acc_bf16io,32x64/w4/occ3/smem30720,0.59217,2.410e-03
RESULT,1024,fused_fp32io,64x32/w8/occ2/smem36864,0.54497,3.355e-04
RESULT,1024,fused_bf16io,64x32/w8/occ2/smem36864,0.49401,2.363e-03
RESULT,1024,fused_fp16acc_fp32io,64x32/w8/occ3/smem32768,0.43928,6.085e-04
RESULT,1024,fused_fp16acc_bf16io,64x32/w8/occ3/smem32768,0.40956,2.435e-03
RESULT,1024,fused_fp32io,32x64/w8/occ2/smem36864,0.71791,3.371e-04
RESULT,1024,fused_bf16io,32x64/w8/occ2/smem36864,0.70141,2.364e-03
RESULT,1024,fused_fp16acc_fp32io,32x64/w8/occ3/smem32768,0.56299,5.783e-04
RESULT,1024,fused_fp16acc_bf16io,32x64/w8/occ3/smem32768,0.52159,2.410e-03
SELECT,1024,fused_fp16acc_bf16io,64x32/w8/occ3/smem32768,0.40956,2.435428487e-03,1.000000000e-02,bf16
MEMORY,1024,device,283187200,50331648,11.057,37765120,327155712,11.665,152.385
RESULT,2048,cufft_pipeline_fp32,-,4.04252,2.957e-07
RESULT,2048,cufft_core_fp32,-,3.06570,2.957e-07
RESULT,2048,fused_fp32io,16x16x16/w4/occ4/smem23552,0.72748,4.697e-04
RESULT,2048,fused_bf16io,16x16x16/w4/occ4/smem23552,0.63803,2.386e-03
RESULT,2048,fused_fp16acc_fp32io,16x16x16/w4/occ4/smem21504,0.65011,6.275e-04
RESULT,2048,fused_fp16acc_bf16io,16x16x16/w4/occ4/smem21504,0.49408,2.440e-03
RESULT,2048,fused_fp32io,16x16x16/w8/occ3/smem27648,0.71130,4.697e-04
RESULT,2048,fused_bf16io,16x16x16/w8/occ3/smem27648,0.63594,2.386e-03
RESULT,2048,fused_fp16acc_fp32io,16x16x16/w8/occ4/smem23552,0.62056,6.275e-04
RESULT,2048,fused_fp16acc_bf16io,16x16x16/w8/occ4/smem23552,0.49418,2.440e-03
RESULT,2048,fused_fp32io,64x64/w8/occ1/smem57344,1.70706,3.381e-04
RESULT,2048,fused_bf16io,64x64/w8/occ1/smem57344,1.63650,2.363e-03
RESULT,2048,fused_fp16acc_fp32io,64x64/w8/occ1/smem53248,1.55659,6.417e-04
RESULT,2048,fused_fp16acc_bf16io,64x64/w8/occ1/smem53248,1.51740,2.443e-03
RESULT,2048,fused_fp32io,64x64/w4/occ1/smem53248,1.81151,3.381e-04
RESULT,2048,fused_bf16io,64x64/w4/occ1/smem53248,1.74262,2.363e-03
RESULT,2048,fused_fp16acc_fp32io,64x64/w4/occ1/smem51200,1.66477,6.417e-04
RESULT,2048,fused_fp16acc_bf16io,64x64/w4/occ1/smem51200,1.67749,2.443e-03
SELECT,2048,fused_fp16acc_bf16io,16x16x16/w4/occ4/smem21504,0.49408,2.439660081e-03,1.000000000e-02,bf16
MEMORY,2048,device,566319104,100663296,20.681,75530240,654311424,12.818,302.000
RESULT,4096,cufft_pipeline_fp32,-,8.04920,3.081e-07
RESULT,4096,cufft_core_fp32,-,6.12014,3.081e-07
RESULT,4096,fused_fp32io,32x16x16/w4/occ2/smem43008,1.58017,4.284e-04
RESULT,4096,fused_bf16io,32x16x16/w4/occ2/smem43008,1.51356,2.379e-03
RESULT,4096,fused_fp16acc_fp32io,32x16x16/w4/occ2/smem40960,1.48237,6.205e-04
RESULT,4096,fused_fp16acc_bf16io,32x16x16/w4/occ2/smem40960,1.32639,2.421e-03
RESULT,4096,fused_fp32io,16x32x16/w4/occ2/smem43008,1.73811,4.261e-04
RESULT,4096,fused_bf16io,16x32x16/w4/occ2/smem43008,1.56057,2.378e-03
RESULT,4096,fused_fp16acc_fp32io,16x32x16/w4/occ2/smem40960,1.58578,6.169e-04
RESULT,4096,fused_fp16acc_bf16io,16x32x16/w4/occ2/smem40960,1.36030,2.438e-03
RESULT,4096,fused_fp32io,16x16x32/w4/occ2/smem43008,1.82476,4.252e-04
RESULT,4096,fused_bf16io,16x16x32/w4/occ2/smem43008,1.70896,2.378e-03
RESULT,4096,fused_fp16acc_fp32io,16x16x32/w4/occ2/smem40960,1.65180,6.150e-04
RESULT,4096,fused_fp16acc_bf16io,16x16x32/w4/occ2/smem40960,1.46059,2.438e-03
RESULT,4096,fused_fp32io,32x16x16/w8/occ2/smem47104,1.41664,4.284e-04
RESULT,4096,fused_bf16io,32x16x16/w8/occ2/smem47104,1.37773,2.379e-03
RESULT,4096,fused_fp16acc_fp32io,32x16x16/w8/occ2/smem43008,1.33184,6.205e-04
RESULT,4096,fused_fp16acc_bf16io,32x16x16/w8/occ2/smem43008,1.11331,2.421e-03
RESULT,4096,fused_fp32io,16x16x32/w8/occ2/smem47104,1.68335,4.252e-04
RESULT,4096,fused_bf16io,16x16x32/w8/occ2/smem47104,1.64067,2.378e-03
RESULT,4096,fused_fp16acc_fp32io,16x16x32/w8/occ2/smem43008,1.53804,6.150e-04
RESULT,4096,fused_fp16acc_bf16io,16x16x32/w8/occ2/smem43008,1.37060,2.438e-03
SELECT,4096,fused_fp16acc_bf16io,32x16x16/w8/occ2/smem43008,1.11331,2.421442903e-03,1.000000000e-02,bf16
MEMORY,4096,device,1132582912,201326592,40.003,151060480,1610612736,31.214,614.145
RESULT,8192,cufft_pipeline_fp32,-,16.11123,3.684e-07
RESULT,8192,cufft_core_fp32,-,11.78730,3.684e-07
RESULT,8192,fused_fp32io,32x32x16/w4/occ1/smem78848,5.00751,3.972e-04
RESULT,8192,fused_bf16io,32x32x16/w4/occ1/smem78848,4.58066,2.373e-03
RESULT,8192,fused_fp16acc_fp32io,32x32x16/w4/occ1/smem76800,4.85558,6.199e-04
RESULT,8192,fused_fp16acc_bf16io,32x32x16/w4/occ1/smem76800,4.51597,2.420e-03
RESULT,8192,fused_fp32io,16x32x32/w4/occ1/smem78848,5.49080,3.944e-04
RESULT,8192,fused_bf16io,16x32x32/w4/occ1/smem78848,5.10354,2.372e-03
RESULT,8192,fused_fp16acc_fp32io,16x32x32/w4/occ1/smem76800,5.19667,6.140e-04
RESULT,8192,fused_fp16acc_bf16io,16x32x32/w4/occ1/smem76800,4.63044,2.436e-03
RESULT,8192,fused_fp32io,64x16x16/w4/occ1/smem88064,5.35084,4.271e-04
RESULT,8192,fused_bf16io,64x16x16/w4/occ1/smem88064,5.09359,2.378e-03
RESULT,8192,fused_fp16acc_fp32io,64x16x16/w4/occ1/smem86016,5.05532,6.794e-04
RESULT,8192,fused_fp16acc_bf16io,64x16x16/w4/occ1/smem86016,4.68886,2.454e-03
RESULT,8192,fused_fp32io,32x32x16/w8/occ1/smem82944,4.21892,3.972e-04
RESULT,8192,fused_bf16io,32x32x16/w8/occ1/smem82944,3.50621,2.373e-03
RESULT,8192,fused_fp16acc_fp32io,32x32x16/w8/occ1/smem78848,3.99777,6.199e-04
RESULT,8192,fused_fp16acc_bf16io,32x32x16/w8/occ1/smem78848,3.20383,2.420e-03
RESULT,8192,fused_fp32io,16x32x32/w8/occ1/smem82944,4.58156,3.944e-04
RESULT,8192,fused_bf16io,16x32x32/w8/occ1/smem82944,4.08005,2.372e-03
RESULT,8192,fused_fp16acc_fp32io,16x32x32/w8/occ1/smem78848,4.09898,6.140e-04
RESULT,8192,fused_fp16acc_bf16io,16x32x32/w8/occ1/smem78848,3.60491,2.436e-03
RESULT,8192,fused_fp32io,16x16x64/w8/occ1/smem92160,6.10355,4.258e-04
RESULT,8192,fused_bf16io,16x16x64/w8/occ1/smem92160,5.51297,2.378e-03
RESULT,8192,fused_fp16acc_fp32io,16x16x64/w8/occ1/smem88064,5.67438,6.463e-04
RESULT,8192,fused_fp16acc_bf16io,16x16x64/w8/occ1/smem88064,4.95891,2.445e-03
SELECT,8192,fused_fp16acc_bf16io,32x32x16/w8/occ1/smem78848,3.20383,2.420119196e-03,1.000000000e-02,bf16
MEMORY,8192,device,2265110528,402653184,78.304,302120960,3825205248,73.605,1220.937
RUN,optimized,1,device,auto,9605cb2a0130671ecdb98bae79ac598e28bf2d6b
# MEMORY_CAPS,mapped=1,managed=1,concurrent_managed=1,pageable=1,host_page_tables=1,integrated=1
# NVIDIA GB10 sm_121 48 SMs, smem/block 101376, L2 24 MB, B=8 H=768
# calibration seed=88172645463325252, input_scale=1.000000000e+00, max_error=1.000000000e-02, io=bf16,allocator=device,kernel=auto
RESULT,128,cufft_pipeline_fp32,-,0.13911,2.401e-07
RESULT,128,cufft_core_fp32,-,0.07364,2.401e-07
RESULT,128,fused_fp32io,16x16/w4/occ10/smem6144/kernel_legacy,0.03307,3.814e-04
RESULT,128,fused_bf16io,16x16/w4/occ10/smem6144/kernel_legacy,0.03074,2.367e-03
RESULT,128,fused_fp16acc_fp32io,16x16/w4/occ12/smem4096/kernel_legacy,0.02885,5.244e-04
RESULT,128,fused_fp16acc_bf16io,16x16/w4/occ12/smem4096/kernel_legacy,0.02607,2.415e-03
RESULT,128,fused_fp32io,16x16/w4/occ10/smem6144/kernel_cached,0.03073,3.814e-04
RESULT,128,fused_bf16io,16x16/w4/occ10/smem6144/kernel_cached,0.03070,2.367e-03
RESULT,128,fused_fp16acc_fp32io,16x16/w4/occ12/smem4096/kernel_cached,0.02672,5.244e-04
RESULT,128,fused_fp16acc_bf16io,16x16/w4/occ12/smem4096/kernel_cached,0.02373,2.415e-03
RESULT,128,fused_fp32io,16x16/w8/occ5/smem10240/kernel_legacy,0.04300,3.814e-04
RESULT,128,fused_bf16io,16x16/w8/occ5/smem10240/kernel_legacy,0.04302,2.367e-03
RESULT,128,fused_fp16acc_fp32io,16x16/w8/occ6/smem6144/kernel_legacy,0.03494,5.244e-04
RESULT,128,fused_fp16acc_bf16io,16x16/w8/occ6/smem6144/kernel_legacy,0.03575,2.415e-03
RESULT,128,fused_fp32io,16x16/w8/occ5/smem10240/kernel_cached,0.04229,3.814e-04
RESULT,128,fused_bf16io,16x16/w8/occ5/smem10240/kernel_cached,0.04177,2.367e-03
RESULT,128,fused_fp16acc_fp32io,16x16/w8/occ6/smem6144/kernel_cached,0.03278,5.244e-04
RESULT,128,fused_fp16acc_bf16io,16x16/w8/occ6/smem6144/kernel_cached,0.03279,2.415e-03
SELECT,128,fused_fp16acc_bf16io,16x16/w4/occ12/smem4096/kernel_cached,0.02373,2.414541959e-03,1.000000000e-02,bf16
MEMORY,128,device,35468288,6291456,177.014,4742144,40894464,4.409,203.508
RESULT,256,cufft_pipeline_fp32,-,0.33586,2.335e-07
RESULT,256,cufft_core_fp32,-,0.24849,2.335e-07
RESULT,256,fused_fp32io,32x16/w4/occ8/smem11264/kernel_legacy,0.06551,3.520e-04
RESULT,256,fused_bf16io,32x16/w4/occ8/smem11264/kernel_legacy,0.06488,2.371e-03
RESULT,256,fused_fp16acc_fp32io,32x16/w4/occ10/smem9216/kernel_legacy,0.05575,5.324e-04
RESULT,256,fused_fp16acc_bf16io,32x16/w4/occ10/smem9216/kernel_legacy,0.05530,2.404e-03
RESULT,256,fused_fp32io,32x16/w4/occ8/smem11264/kernel_cached,0.06424,3.520e-04
RESULT,256,fused_bf16io,32x16/w4/occ8/smem11264/kernel_cached,0.05970,2.371e-03
RESULT,256,fused_fp16acc_fp32io,32x16/w4/occ10/smem9216/kernel_cached,0.04712,5.324e-04
RESULT,256,fused_fp16acc_bf16io,32x16/w4/occ10/smem9216/kernel_cached,0.04596,2.404e-03
RESULT,256,fused_fp32io,16x32/w4/occ8/smem11264/kernel_legacy,0.08530,3.457e-04
RESULT,256,fused_bf16io,16x32/w4/occ8/smem11264/kernel_legacy,0.07997,2.369e-03
RESULT,256,fused_fp16acc_fp32io,16x32/w4/occ9/smem9216/kernel_legacy,0.07088,5.220e-04
RESULT,256,fused_fp16acc_bf16io,16x32/w4/occ9/smem9216/kernel_legacy,0.07189,2.419e-03
RESULT,256,fused_fp32io,16x32/w4/occ8/smem11264/kernel_cached,0.08075,3.457e-04
RESULT,256,fused_bf16io,16x32/w4/occ8/smem11264/kernel_cached,0.07988,2.369e-03
RESULT,256,fused_fp16acc_fp32io,16x32/w4/occ9/smem9216/kernel_cached,0.06580,5.220e-04
RESULT,256,fused_fp16acc_bf16io,16x32/w4/occ9/smem9216/kernel_cached,0.06411,2.419e-03
RESULT,256,fused_fp32io,32x16/w8/occ5/smem15360/kernel_legacy,0.07368,3.520e-04
RESULT,256,fused_bf16io,32x16/w8/occ5/smem15360/kernel_legacy,0.07170,2.371e-03
RESULT,256,fused_fp16acc_fp32io,32x16/w8/occ6/smem11264/kernel_legacy,0.06350,5.324e-04
RESULT,256,fused_fp16acc_bf16io,32x16/w8/occ6/smem11264/kernel_legacy,0.06224,2.404e-03
RESULT,256,fused_fp32io,32x16/w8/occ5/smem15360/kernel_cached,0.06893,3.520e-04
RESULT,256,fused_bf16io,32x16/w8/occ5/smem15360/kernel_cached,0.06552,2.371e-03
RESULT,256,fused_fp16acc_fp32io,32x16/w8/occ6/smem11264/kernel_cached,0.05326,5.324e-04
RESULT,256,fused_fp16acc_bf16io,32x16/w8/occ6/smem11264/kernel_cached,0.05552,2.404e-03
SELECT,256,fused_fp16acc_bf16io,32x16/w4/occ10/smem9216/kernel_cached,0.04596,2.403527438e-03,1.000000000e-02,bf16
MEMORY,256,device,70859776,12582912,2.803,9462784,119537664,2.397,38.525
RESULT,512,cufft_pipeline_fp32,-,0.89144,3.433e-07
RESULT,512,cufft_core_fp32,-,0.65991,3.433e-07
RESULT,512,fused_fp32io,32x32/w4/occ7/smem12288/kernel_legacy,0.18322,3.344e-04
RESULT,512,fused_bf16io,32x32/w4/occ7/smem12288/kernel_legacy,0.14042,2.363e-03
RESULT,512,fused_fp16acc_fp32io,32x32/w4/occ9/smem10240/kernel_legacy,0.18956,5.420e-04
RESULT,512,fused_fp16acc_bf16io,32x32/w4/occ9/smem10240/kernel_legacy,0.11528,2.402e-03
RESULT,512,fused_fp32io,32x32/w4/occ7/smem12288/kernel_cached,0.18501,3.344e-04
RESULT,512,fused_bf16io,32x32/w4/occ7/smem12288/kernel_cached,0.14135,2.363e-03
RESULT,512,fused_fp16acc_fp32io,32x32/w4/occ9/smem10240/kernel_cached,0.18823,5.420e-04
RESULT,512,fused_fp16acc_bf16io,32x32/w4/occ9/smem10240/kernel_cached,0.11491,2.402e-03
RESULT,512,fused_fp32io,32x32/w8/occ4/smem16384/kernel_legacy,0.21873,3.344e-04
RESULT,512,fused_bf16io,32x32/w8/occ4/smem16384/kernel_legacy,0.14745,2.363e-03
RESULT,512,fused_fp16acc_fp32io,32x32/w8/occ4/smem12288/kernel_legacy,0.22569,5.420e-04
RESULT,512,fused_fp16acc_bf16io,32x32/w8/occ4/smem12288/kernel_legacy,0.13516,2.402e-03
RESULT,512,fused_fp32io,32x32/w8/occ4/smem16384/kernel_cached,0.20619,3.344e-04
RESULT,512,fused_bf16io,32x32/w8/occ4/smem16384/kernel_cached,0.14688,2.363e-03
RESULT,512,fused_fp16acc_fp32io,32x32/w8/occ4/smem12288/kernel_cached,0.20516,5.420e-04
RESULT,512,fused_fp16acc_bf16io,32x32/w8/occ4/smem12288/kernel_cached,0.12904,2.402e-03
RESULT,512,fused_fp32io,64x16/w4/occ3/smem25600/kernel_legacy,0.27908,3.522e-04
RESULT,512,fused_bf16io,64x16/w4/occ3/smem25600/kernel_legacy,0.24103,2.365e-03
RESULT,512,fused_fp16acc_fp32io,64x16/w4/occ4/smem23552/kernel_legacy,0.22910,5.993e-04
RESULT,512,fused_fp16acc_bf16io,64x16/w4/occ4/smem23552/kernel_legacy,0.18870,2.433e-03
RESULT,512,fused_fp32io,64x16/w4/occ3/smem25600/kernel_cached,0.25486,3.522e-04
RESULT,512,fused_bf16io,64x16/w4/occ3/smem25600/kernel_cached,0.21512,2.365e-03
RESULT,512,fused_fp16acc_fp32io,64x16/w4/occ4/smem23552/kernel_cached,0.20320,5.993e-04
RESULT,512,fused_fp16acc_bf16io,64x16/w4/occ4/smem23552/kernel_cached,0.17068,2.433e-03
RESULT,512,fused_fp32io,16x64/w4/occ3/smem25600/kernel_legacy,0.42612,3.468e-04
RESULT,512,fused_bf16io,16x64/w4/occ3/smem25600/kernel_legacy,0.38357,2.365e-03
RESULT,512,fused_fp16acc_fp32io,16x64/w4/occ4/smem23552/kernel_legacy,0.33067,5.597e-04
RESULT,512,fused_fp16acc_bf16io,16x64/w4/occ4/smem23552/kernel_legacy,0.29756,2.424e-03
RESULT,512,fused_fp32io,16x64/w4/occ3/smem25600/kernel_cached,0.40167,3.468e-04
RESULT,512,fused_bf16io,16x64/w4/occ3/smem25600/kernel_cached,0.34158,2.365e-03
RESULT,512,fused_fp16acc_fp32io,16x64/w4/occ4/smem23552/kernel_cached,0.31673,5.597e-04
RESULT,512,fused_fp16acc_bf16io,16x64/w4/occ4/smem23552/kernel_cached,0.27468,2.424e-03
SELECT,512,fused_fp16acc_bf16io,32x32/w4/occ9/smem10240/kernel_cached,0.11491,2.401751558e-03,1.000000000e-02,bf16
MEMORY,512,device,141642752,25165824,5.113,18904064,314572800,9.414,78.089
RESULT,1024,cufft_pipeline_fp32,-,1.88845,2.733e-07
RESULT,1024,cufft_core_fp32,-,1.32844,2.733e-07
RESULT,1024,fused_fp32io,64x32/w4/occ3/smem32768/kernel_legacy,0.46291,3.355e-04
RESULT,1024,fused_bf16io,64x32/w4/occ3/smem32768/kernel_legacy,0.44006,2.363e-03
RESULT,1024,fused_fp16acc_fp32io,64x32/w4/occ3/smem30720/kernel_legacy,0.44279,6.085e-04
RESULT,1024,fused_fp16acc_bf16io,64x32/w4/occ3/smem30720/kernel_legacy,0.43341,2.435e-03
RESULT,1024,fused_fp32io,64x32/w4/occ3/smem32768/kernel_cached,0.45499,3.355e-04
RESULT,1024,fused_bf16io,64x32/w4/occ3/smem32768/kernel_cached,0.44332,2.363e-03
RESULT,1024,fused_fp16acc_fp32io,64x32/w4/occ3/smem30720/kernel_cached,0.42776,6.085e-04
RESULT,1024,fused_fp16acc_bf16io,64x32/w4/occ3/smem30720/kernel_cached,0.41340,2.435e-03
RESULT,1024,fused_fp32io,32x64/w4/occ3/smem32768/kernel_legacy,0.64954,3.371e-04
RESULT,1024,fused_bf16io,32x64/w4/occ3/smem32768/kernel_legacy,0.61172,2.364e-03
RESULT,1024,fused_fp16acc_fp32io,32x64/w4/occ3/smem30720/kernel_legacy,0.61910,5.783e-04
RESULT,1024,fused_fp16acc_bf16io,32x64/w4/occ3/smem30720/kernel_legacy,0.56746,2.410e-03
RESULT,1024,fused_fp32io,32x64/w4/occ3/smem32768/kernel_cached,0.59634,3.371e-04
RESULT,1024,fused_bf16io,32x64/w4/occ3/smem32768/kernel_cached,0.59627,2.364e-03
RESULT,1024,fused_fp16acc_fp32io,32x64/w4/occ3/smem30720/kernel_cached,0.60172,5.783e-04
RESULT,1024,fused_fp16acc_bf16io,32x64/w4/occ3/smem30720/kernel_cached,0.53799,2.410e-03
RESULT,1024,fused_fp32io,64x32/w8/occ2/smem36864/kernel_legacy,0.52906,3.355e-04
RESULT,1024,fused_bf16io,64x32/w8/occ2/smem36864/kernel_legacy,0.49647,2.363e-03
RESULT,1024,fused_fp16acc_fp32io,64x32/w8/occ3/smem32768/kernel_legacy,0.43866,6.085e-04
RESULT,1024,fused_fp16acc_bf16io,64x32/w8/occ3/smem32768/kernel_legacy,0.37661,2.435e-03
RESULT,1024,fused_fp32io,64x32/w8/occ2/smem36864/kernel_cached,0.49231,3.355e-04
RESULT,1024,fused_bf16io,64x32/w8/occ2/smem36864/kernel_cached,0.50365,2.363e-03
RESULT,1024,fused_fp16acc_fp32io,64x32/w8/occ3/smem32768/kernel_cached,0.44330,6.085e-04
RESULT,1024,fused_fp16acc_bf16io,64x32/w8/occ3/smem32768/kernel_cached,0.34622,2.435e-03
RESULT,1024,fused_fp32io,32x64/w8/occ2/smem36864/kernel_legacy,0.69309,3.371e-04
RESULT,1024,fused_bf16io,32x64/w8/occ2/smem36864/kernel_legacy,0.69650,2.364e-03
RESULT,1024,fused_fp16acc_fp32io,32x64/w8/occ3/smem32768/kernel_legacy,0.59593,5.783e-04
RESULT,1024,fused_fp16acc_bf16io,32x64/w8/occ3/smem32768/kernel_legacy,0.55124,2.410e-03
RESULT,1024,fused_fp32io,32x64/w8/occ2/smem36864/kernel_cached,0.68823,3.371e-04
RESULT,1024,fused_bf16io,32x64/w8/occ2/smem36864/kernel_cached,0.62105,2.364e-03
RESULT,1024,fused_fp16acc_fp32io,32x64/w8/occ3/smem32768/kernel_cached,0.55537,5.783e-04
RESULT,1024,fused_fp16acc_bf16io,32x64/w8/occ3/smem32768/kernel_cached,0.50228,2.410e-03
SELECT,1024,fused_fp16acc_bf16io,64x32/w8/occ3/smem32768/kernel_cached,0.34622,2.435428487e-03,1.000000000e-02,bf16
MEMORY,1024,device,283208704,50331648,9.616,37786624,629145600,15.801,151.081
RESULT,2048,cufft_pipeline_fp32,-,4.06489,2.957e-07
RESULT,2048,cufft_core_fp32,-,3.01146,2.957e-07
RESULT,2048,fused_fp32io,16x16x16/w4/occ4/smem21504/kernel_legacy,0.72140,4.697e-04
RESULT,2048,fused_bf16io,16x16x16/w4/occ4/smem21504/kernel_legacy,0.63529,2.386e-03
RESULT,2048,fused_fp16acc_fp32io,16x16x16/w4/occ5/smem19456/kernel_legacy,0.63292,6.275e-04
RESULT,2048,fused_fp16acc_bf16io,16x16x16/w4/occ5/smem19456/kernel_legacy,0.51494,2.440e-03
RESULT,2048,fused_fp32io,16x16x16/w4/occ4/smem21504/kernel_cached,0.78497,4.697e-04
RESULT,2048,fused_bf16io,16x16x16/w4/occ4/smem21504/kernel_cached,0.63607,2.386e-03
RESULT,2048,fused_fp16acc_fp32io,16x16x16/w4/occ5/smem19456/kernel_cached,0.62912,6.275e-04
RESULT,2048,fused_fp16acc_bf16io,16x16x16/w4/occ5/smem19456/kernel_cached,0.50980,2.440e-03
RESULT,2048,fused_fp32io,16x16x16/w8/occ3/smem25600/kernel_legacy,0.72812,4.697e-04
RESULT,2048,fused_bf16io,16x16x16/w8/occ3/smem25600/kernel_legacy,0.63335,2.386e-03
RESULT,2048,fused_fp16acc_fp32io,16x16x16/w8/occ4/smem21504/kernel_legacy,0.62579,6.275e-04
RESULT,2048,fused_fp16acc_bf16io,16x16x16/w8/occ4/smem21504/kernel_legacy,0.48573,2.440e-03
RESULT,2048,fused_fp32io,16x16x16/w8/occ3/smem25600/kernel_cached,0.67586,4.697e-04
RESULT,2048,fused_bf16io,16x16x16/w8/occ3/smem25600/kernel_cached,0.65301,2.386e-03
RESULT,2048,fused_fp16acc_fp32io,16x16x16/w8/occ4/smem21504/kernel_cached,0.61535,6.275e-04
RESULT,2048,fused_fp16acc_bf16io,16x16x16/w8/occ4/smem21504/kernel_cached,0.48401,2.440e-03
RESULT,2048,fused_fp32io,64x64/w8/occ2/smem40960/kernel_legacy,1.25750,3.381e-04
RESULT,2048,fused_bf16io,64x64/w8/occ2/smem40960/kernel_legacy,1.19587,2.363e-03
RESULT,2048,fused_fp16acc_fp32io,64x64/w8/occ2/smem36864/kernel_legacy,1.18466,6.417e-04
RESULT,2048,fused_fp16acc_bf16io,64x64/w8/occ2/smem36864/kernel_legacy,1.11764,2.443e-03
RESULT,2048,fused_fp32io,64x64/w8/occ2/smem40960/kernel_cached,1.25510,3.381e-04
RESULT,2048,fused_bf16io,64x64/w8/occ2/smem40960/kernel_cached,1.23187,2.363e-03
RESULT,2048,fused_fp16acc_fp32io,64x64/w8/occ2/smem36864/kernel_cached,1.18396,6.417e-04
RESULT,2048,fused_fp16acc_bf16io,64x64/w8/occ2/smem36864/kernel_cached,1.13070,2.443e-03
RESULT,2048,fused_fp32io,64x64/w4/occ2/smem36864/kernel_legacy,1.29415,3.381e-04
RESULT,2048,fused_bf16io,64x64/w4/occ2/smem36864/kernel_legacy,1.26583,2.363e-03
RESULT,2048,fused_fp16acc_fp32io,64x64/w4/occ2/smem34816/kernel_legacy,1.21525,6.417e-04
RESULT,2048,fused_fp16acc_bf16io,64x64/w4/occ2/smem34816/kernel_legacy,1.13734,2.443e-03
RESULT,2048,fused_fp32io,64x64/w4/occ2/smem36864/kernel_cached,1.26630,3.381e-04
RESULT,2048,fused_bf16io,64x64/w4/occ2/smem36864/kernel_cached,1.19678,2.363e-03
RESULT,2048,fused_fp16acc_fp32io,64x64/w4/occ2/smem34816/kernel_cached,1.19072,6.417e-04
RESULT,2048,fused_fp16acc_bf16io,64x64/w4/occ2/smem34816/kernel_cached,1.10583,2.443e-03
SELECT,2048,fused_fp16acc_bf16io,16x16x16/w8/occ4/smem21504/kernel_cached,0.48401,2.439660081e-03,1.000000000e-02,bf16
MEMORY,2048,device,566340608,100663296,18.483,75551744,1258291200,24.084,296.326
RESULT,4096,cufft_pipeline_fp32,-,8.09142,3.081e-07
RESULT,4096,cufft_core_fp32,-,6.02481,3.081e-07
RESULT,4096,fused_fp32io,32x16x16/w4/occ2/smem41984/kernel_legacy,1.64250,4.284e-04
RESULT,4096,fused_bf16io,32x16x16/w4/occ2/smem41984/kernel_legacy,1.47572,2.379e-03
RESULT,4096,fused_fp16acc_fp32io,32x16x16/w4/occ2/smem39936/kernel_legacy,1.53200,6.205e-04
RESULT,4096,fused_fp16acc_bf16io,32x16x16/w4/occ2/smem39936/kernel_legacy,1.32904,2.421e-03
RESULT,4096,fused_fp32io,32x16x16/w4/occ2/smem41984/kernel_cached,1.55003,4.284e-04
RESULT,4096,fused_bf16io,32x16x16/w4/occ2/smem41984/kernel_cached,1.37172,2.379e-03
RESULT,4096,fused_fp16acc_fp32io,32x16x16/w4/occ2/smem39936/kernel_cached,1.45239,6.205e-04
RESULT,4096,fused_fp16acc_bf16io,32x16x16/w4/occ2/smem39936/kernel_cached,1.21210,2.421e-03
RESULT,4096,fused_fp32io,16x32x16/w4/occ2/smem41984/kernel_legacy,1.69743,4.261e-04
RESULT,4096,fused_bf16io,16x32x16/w4/occ2/smem41984/kernel_legacy,1.56785,2.378e-03
RESULT,4096,fused_fp16acc_fp32io,16x32x16/w4/occ2/smem39936/kernel_legacy,1.58544,6.169e-04
RESULT,4096,fused_fp16acc_bf16io,16x32x16/w4/occ2/smem39936/kernel_legacy,1.38509,2.438e-03
RESULT,4096,fused_fp32io,16x32x16/w4/occ2/smem41984/kernel_cached,1.75763,4.261e-04
RESULT,4096,fused_bf16io,16x32x16/w4/occ2/smem41984/kernel_cached,1.54683,2.378e-03
RESULT,4096,fused_fp16acc_fp32io,16x32x16/w4/occ2/smem39936/kernel_cached,1.65379,6.169e-04
RESULT,4096,fused_fp16acc_bf16io,16x32x16/w4/occ2/smem39936/kernel_cached,1.41118,2.438e-03
RESULT,4096,fused_fp32io,16x16x32/w4/occ2/smem41984/kernel_legacy,1.95722,4.252e-04
RESULT,4096,fused_bf16io,16x16x32/w4/occ2/smem41984/kernel_legacy,1.73200,2.378e-03
RESULT,4096,fused_fp16acc_fp32io,16x16x32/w4/occ2/smem39936/kernel_legacy,1.62945,6.150e-04
RESULT,4096,fused_fp16acc_bf16io,16x16x32/w4/occ2/smem39936/kernel_legacy,1.45694,2.438e-03
RESULT,4096,fused_fp32io,16x16x32/w4/occ2/smem41984/kernel_cached,1.90846,4.252e-04
RESULT,4096,fused_bf16io,16x16x32/w4/occ2/smem41984/kernel_cached,1.74886,2.378e-03
RESULT,4096,fused_fp16acc_fp32io,16x16x32/w4/occ2/smem39936/kernel_cached,1.71307,6.150e-04
RESULT,4096,fused_fp16acc_bf16io,16x16x32/w4/occ2/smem39936/kernel_cached,1.45756,2.438e-03
RESULT,4096,fused_fp32io,32x16x16/w8/occ2/smem46080/kernel_legacy,1.49980,4.284e-04
RESULT,4096,fused_bf16io,32x16x16/w8/occ2/smem46080/kernel_legacy,1.38568,2.379e-03
RESULT,4096,fused_fp16acc_fp32io,32x16x16/w8/occ2/smem41984/kernel_legacy,1.37058,6.205e-04
RESULT,4096,fused_fp16acc_bf16io,32x16x16/w8/occ2/smem41984/kernel_legacy,1.02716,2.421e-03
RESULT,4096,fused_fp32io,32x16x16/w8/occ2/smem46080/kernel_cached,1.49229,4.284e-04
RESULT,4096,fused_bf16io,32x16x16/w8/occ2/smem46080/kernel_cached,1.37484,2.379e-03
RESULT,4096,fused_fp16acc_fp32io,32x16x16/w8/occ2/smem41984/kernel_cached,1.40832,6.205e-04
RESULT,4096,fused_fp16acc_bf16io,32x16x16/w8/occ2/smem41984/kernel_cached,1.07960,2.421e-03
RESULT,4096,fused_fp32io,16x16x32/w8/occ2/smem46080/kernel_legacy,1.68275,4.252e-04
RESULT,4096,fused_bf16io,16x16x32/w8/occ2/smem46080/kernel_legacy,1.63629,2.378e-03
RESULT,4096,fused_fp16acc_fp32io,16x16x32/w8/occ2/smem41984/kernel_legacy,1.51940,6.150e-04
RESULT,4096,fused_fp16acc_bf16io,16x16x32/w8/occ2/smem41984/kernel_legacy,1.29507,2.438e-03
RESULT,4096,fused_fp32io,16x16x32/w8/occ2/smem46080/kernel_cached,1.69464,4.252e-04
RESULT,4096,fused_bf16io,16x16x32/w8/occ2/smem46080/kernel_cached,1.64569,2.378e-03
RESULT,4096,fused_fp16acc_fp32io,16x16x32/w8/occ2/smem41984/kernel_cached,1.48848,6.150e-04
RESULT,4096,fused_fp16acc_bf16io,16x16x32/w8/occ2/smem41984/kernel_cached,1.26864,2.438e-03
SELECT,4096,fused_fp16acc_bf16io,32x16x16/w8/occ2/smem41984/kernel_legacy,1.02716,2.421442903e-03,1.000000000e-02,bf16
MEMORY,4096,device,1132604416,201326592,36.163,151081984,3120562176,57.669,606.987
RESULT,8192,cufft_pipeline_fp32,-,15.98705,3.684e-07
RESULT,8192,cufft_core_fp32,-,11.75887,3.684e-07
RESULT,8192,fused_fp32io,32x32x16/w4/occ1/smem74752/kernel_legacy,4.98063,3.972e-04
RESULT,8192,fused_bf16io,32x32x16/w4/occ1/smem74752/kernel_legacy,4.33044,2.373e-03
RESULT,8192,fused_fp16acc_fp32io,32x32x16/w4/occ1/smem72704/kernel_legacy,4.88252,6.199e-04
RESULT,8192,fused_fp16acc_bf16io,32x32x16/w4/occ1/smem72704/kernel_legacy,4.31225,2.420e-03
RESULT,8192,fused_fp32io,32x32x16/w4/occ1/smem74752/kernel_cached,4.89973,3.972e-04
RESULT,8192,fused_bf16io,32x32x16/w4/occ1/smem74752/kernel_cached,4.31628,2.373e-03
RESULT,8192,fused_fp16acc_fp32io,32x32x16/w4/occ1/smem72704/kernel_cached,4.88185,6.199e-04
RESULT,8192,fused_fp16acc_bf16io,32x32x16/w4/occ1/smem72704/kernel_cached,4.33052,2.420e-03
RESULT,8192,fused_fp32io,16x32x32/w4/occ1/smem74752/kernel_legacy,5.37730,3.944e-04
RESULT,8192,fused_bf16io,16x32x32/w4/occ1/smem74752/kernel_legacy,4.84018,2.372e-03
RESULT,8192,fused_fp16acc_fp32io,16x32x32/w4/occ1/smem72704/kernel_legacy,5.18550,6.140e-04
RESULT,8192,fused_fp16acc_bf16io,16x32x32/w4/occ1/smem72704/kernel_legacy,4.60244,2.436e-03
RESULT,8192,fused_fp32io,16x32x32/w4/occ1/smem74752/kernel_cached,5.31496,3.944e-04
RESULT,8192,fused_bf16io,16x32x32/w4/occ1/smem74752/kernel_cached,4.78722,2.372e-03
RESULT,8192,fused_fp16acc_fp32io,16x32x32/w4/occ1/smem72704/kernel_cached,5.17106,6.140e-04
RESULT,8192,fused_fp16acc_bf16io,16x32x32/w4/occ1/smem72704/kernel_cached,4.49359,2.436e-03
RESULT,8192,fused_fp32io,64x16x16/w4/occ1/smem87040/kernel_legacy,5.31210,4.271e-04
RESULT,8192,fused_bf16io,64x16x16/w4/occ1/smem87040/kernel_legacy,5.08401,2.378e-03
RESULT,8192,fused_fp16acc_fp32io,64x16x16/w4/occ1/smem84992/kernel_legacy,5.10010,6.794e-04
RESULT,8192,fused_fp16acc_bf16io,64x16x16/w4/occ1/smem84992/kernel_legacy,4.73132,2.454e-03
RESULT,8192,fused_fp32io,64x16x16/w4/occ1/smem87040/kernel_cached,5.29428,4.271e-04
RESULT,8192,fused_bf16io,64x16x16/w4/occ1/smem87040/kernel_cached,4.97713,2.378e-03
RESULT,8192,fused_fp16acc_fp32io,64x16x16/w4/occ1/smem84992/kernel_cached,4.96559,6.794e-04
RESULT,8192,fused_fp16acc_bf16io,64x16x16/w4/occ1/smem84992/kernel_cached,4.66969,2.454e-03
RESULT,8192,fused_fp32io,32x32x16/w8/occ1/smem78848/kernel_legacy,4.15945,3.972e-04
RESULT,8192,fused_bf16io,32x32x16/w8/occ1/smem78848/kernel_legacy,3.48183,2.373e-03
RESULT,8192,fused_fp16acc_fp32io,32x32x16/w8/occ1/smem74752/kernel_legacy,3.93943,6.199e-04
RESULT,8192,fused_fp16acc_bf16io,32x32x16/w8/occ1/smem74752/kernel_legacy,3.13771,2.420e-03
RESULT,8192,fused_fp32io,32x32x16/w8/occ1/smem78848/kernel_cached,4.13192,3.972e-04
RESULT,8192,fused_bf16io,32x32x16/w8/occ1/smem78848/kernel_cached,3.42614,2.373e-03
RESULT,8192,fused_fp16acc_fp32io,32x32x16/w8/occ1/smem74752/kernel_cached,3.89997,6.199e-04
RESULT,8192,fused_fp16acc_bf16io,32x32x16/w8/occ1/smem74752/kernel_cached,3.15934,2.420e-03
RESULT,8192,fused_fp32io,16x32x32/w8/occ1/smem78848/kernel_legacy,4.62433,3.944e-04
RESULT,8192,fused_bf16io,16x32x32/w8/occ1/smem78848/kernel_legacy,4.03536,2.372e-03
RESULT,8192,fused_fp16acc_fp32io,16x32x32/w8/occ1/smem74752/kernel_legacy,4.08956,6.140e-04
RESULT,8192,fused_fp16acc_bf16io,16x32x32/w8/occ1/smem74752/kernel_legacy,3.49508,2.436e-03
RESULT,8192,fused_fp32io,16x32x32/w8/occ1/smem78848/kernel_cached,4.61372,3.944e-04
RESULT,8192,fused_bf16io,16x32x32/w8/occ1/smem78848/kernel_cached,4.00058,2.372e-03
RESULT,8192,fused_fp16acc_fp32io,16x32x32/w8/occ1/smem74752/kernel_cached,4.05834,6.140e-04
RESULT,8192,fused_fp16acc_bf16io,16x32x32/w8/occ1/smem74752/kernel_cached,3.49999,2.436e-03
RESULT,8192,fused_fp32io,16x16x64/w8/occ1/smem91136/kernel_legacy,5.96028,4.258e-04
RESULT,8192,fused_bf16io,16x16x64/w8/occ1/smem91136/kernel_legacy,5.54290,2.378e-03
RESULT,8192,fused_fp16acc_fp32io,16x16x64/w8/occ1/smem87040/kernel_legacy,5.72828,6.463e-04
RESULT,8192,fused_fp16acc_bf16io,16x16x64/w8/occ1/smem87040/kernel_legacy,5.00587,2.445e-03
RESULT,8192,fused_fp32io,16x16x64/w8/occ1/smem91136/kernel_cached,6.08670,4.258e-04
RESULT,8192,fused_bf16io,16x16x64/w8/occ1/smem91136/kernel_cached,5.51458,2.378e-03
RESULT,8192,fused_fp16acc_fp32io,16x16x64/w8/occ1/smem87040/kernel_cached,5.65238,6.463e-04
RESULT,8192,fused_fp16acc_bf16io,16x16x64/w8/occ1/smem87040/kernel_cached,4.96420,2.445e-03
SELECT,8192,fused_fp16acc_bf16io,32x32x16/w8/occ1/smem74752/kernel_legacy,3.13771,2.420119196e-03,1.000000000e-02,bf16
MEMORY,8192,device,2265132032,402653184,69.380,302142464,7449083904,136.295,1208.570
RUN,optimized,1,hybrid,auto,9605cb2a0130671ecdb98bae79ac598e28bf2d6b
# MEMORY_CAPS,mapped=1,managed=1,concurrent_managed=1,pageable=1,host_page_tables=1,integrated=1
# NVIDIA GB10 sm_121 48 SMs, smem/block 101376, L2 24 MB, B=8 H=768
# calibration seed=88172645463325252, input_scale=1.000000000e+00, max_error=1.000000000e-02, io=bf16,allocator=hybrid,kernel=auto
RESULT,128,cufft_pipeline_fp32,-,0.14784,2.401e-07
RESULT,128,cufft_core_fp32,-,0.07270,2.401e-07
RESULT,128,fused_fp32io,16x16/w4/occ10/smem6144/kernel_legacy,0.04291,3.814e-04
RESULT,128,fused_bf16io,16x16/w4/occ10/smem6144/kernel_legacy,0.03074,2.367e-03
RESULT,128,fused_fp16acc_fp32io,16x16/w4/occ12/smem4096/kernel_legacy,0.03496,5.244e-04
RESULT,128,fused_fp16acc_bf16io,16x16/w4/occ12/smem4096/kernel_legacy,0.02945,2.415e-03
RESULT,128,fused_fp32io,16x16/w4/occ10/smem6144/kernel_cached,0.03685,3.814e-04
RESULT,128,fused_bf16io,16x16/w4/occ10/smem6144/kernel_cached,0.03071,2.367e-03
RESULT,128,fused_fp16acc_fp32io,16x16/w4/occ12/smem4096/kernel_cached,0.03680,5.244e-04
RESULT,128,fused_fp16acc_bf16io,16x16/w4/occ12/smem4096/kernel_cached,0.02584,2.415e-03
RESULT,128,fused_fp32io,16x16/w8/occ5/smem10240/kernel_legacy,0.05120,3.814e-04
RESULT,128,fused_bf16io,16x16/w8/occ5/smem10240/kernel_legacy,0.04302,2.367e-03
RESULT,128,fused_fp16acc_fp32io,16x16/w8/occ6/smem6144/kernel_legacy,0.04308,5.244e-04
RESULT,128,fused_fp16acc_bf16io,16x16/w8/occ6/smem6144/kernel_legacy,0.03680,2.415e-03
RESULT,128,fused_fp32io,16x16/w8/occ5/smem10240/kernel_cached,0.04914,3.814e-04
RESULT,128,fused_bf16io,16x16/w8/occ5/smem10240/kernel_cached,0.04100,2.367e-03
RESULT,128,fused_fp16acc_fp32io,16x16/w8/occ6/smem6144/kernel_cached,0.04096,5.244e-04
RESULT,128,fused_fp16acc_bf16io,16x16/w8/occ6/smem6144/kernel_cached,0.03281,2.415e-03
SELECT,128,fused_fp16acc_bf16io,16x16/w4/occ12/smem4096/kernel_cached,0.02584,2.414541959e-03,1.000000000e-02,bf16
MEMORY,128,hybrid,35468288,0,8.591,23552,0,0.032,34.870
RESULT,256,cufft_pipeline_fp32,-,0.32259,2.335e-07
RESULT,256,cufft_core_fp32,-,0.24664,2.335e-07
RESULT,256,fused_fp32io,32x16/w4/occ8/smem11264/kernel_legacy,0.06961,3.520e-04
RESULT,256,fused_bf16io,32x16/w4/occ8/smem11264/kernel_legacy,0.06380,2.371e-03
RESULT,256,fused_fp16acc_fp32io,32x16/w4/occ10/smem9216/kernel_legacy,0.06448,5.324e-04
RESULT,256,fused_fp16acc_bf16io,32x16/w4/occ10/smem9216/kernel_legacy,0.05789,2.404e-03
RESULT,256,fused_fp32io,32x16/w4/occ8/smem11264/kernel_cached,0.06147,3.520e-04
RESULT,256,fused_bf16io,32x16/w4/occ8/smem11264/kernel_cached,0.05941,2.371e-03
RESULT,256,fused_fp16acc_fp32io,32x16/w4/occ10/smem9216/kernel_cached,0.05764,5.324e-04
RESULT,256,fused_fp16acc_bf16io,32x16/w4/occ10/smem9216/kernel_cached,0.04919,2.404e-03
RESULT,256,fused_fp32io,16x32/w4/occ8/smem11264/kernel_legacy,0.08598,3.457e-04
RESULT,256,fused_bf16io,16x32/w4/occ8/smem11264/kernel_legacy,0.08428,2.369e-03
RESULT,256,fused_fp16acc_fp32io,16x32/w4/occ9/smem9216/kernel_legacy,0.07504,5.220e-04
RESULT,256,fused_fp16acc_bf16io,16x32/w4/occ9/smem9216/kernel_legacy,0.06997,2.419e-03
RESULT,256,fused_fp32io,16x32/w4/occ8/smem11264/kernel_cached,0.08992,3.457e-04
RESULT,256,fused_bf16io,16x32/w4/occ8/smem11264/kernel_cached,0.08053,2.369e-03
RESULT,256,fused_fp16acc_fp32io,16x32/w4/occ9/smem9216/kernel_cached,0.06843,5.220e-04
RESULT,256,fused_fp16acc_bf16io,16x32/w4/occ9/smem9216/kernel_cached,0.06821,2.419e-03
RESULT,256,fused_fp32io,32x16/w8/occ5/smem15360/kernel_legacy,0.07709,3.520e-04
RESULT,256,fused_bf16io,32x16/w8/occ5/smem15360/kernel_legacy,0.07171,2.371e-03
RESULT,256,fused_fp16acc_fp32io,32x16/w8/occ6/smem11264/kernel_legacy,0.07602,5.324e-04
RESULT,256,fused_fp16acc_bf16io,32x16/w8/occ6/smem11264/kernel_legacy,0.06316,2.404e-03
RESULT,256,fused_fp32io,32x16/w8/occ5/smem15360/kernel_cached,0.06767,3.520e-04
RESULT,256,fused_bf16io,32x16/w8/occ5/smem15360/kernel_cached,0.06590,2.371e-03
RESULT,256,fused_fp16acc_fp32io,32x16/w8/occ6/smem11264/kernel_cached,0.06051,5.324e-04
RESULT,256,fused_fp16acc_bf16io,32x16/w8/occ6/smem11264/kernel_cached,0.05129,2.404e-03
SELECT,256,fused_fp16acc_bf16io,32x16/w4/occ10/smem9216/kernel_cached,0.04919,2.403527438e-03,1.000000000e-02,bf16
MEMORY,256,hybrid,70859776,0,15.699,25600,0,0.035,50.159
RESULT,512,cufft_pipeline_fp32,-,0.89063,3.433e-07
RESULT,512,cufft_core_fp32,-,0.67032,3.433e-07
RESULT,512,fused_fp32io,32x32/w4/occ7/smem12288/kernel_legacy,0.14577,3.344e-04
RESULT,512,fused_bf16io,32x32/w4/occ7/smem12288/kernel_legacy,0.14084,2.363e-03
RESULT,512,fused_fp16acc_fp32io,32x32/w4/occ9/smem10240/kernel_legacy,0.12259,5.420e-04
RESULT,512,fused_fp16acc_bf16io,32x32/w4/occ9/smem10240/kernel_legacy,0.11631,2.402e-03
RESULT,512,fused_fp32io,32x32/w4/occ7/smem12288/kernel_cached,0.14767,3.344e-04
RESULT,512,fused_bf16io,32x32/w4/occ7/smem12288/kernel_cached,0.15312,2.363e-03
RESULT,512,fused_fp16acc_fp32io,32x32/w4/occ9/smem10240/kernel_cached,0.12095,5.420e-04
RESULT,512,fused_fp16acc_bf16io,32x32/w4/occ9/smem10240/kernel_cached,0.11651,2.402e-03
RESULT,512,fused_fp32io,32x32/w8/occ4/smem16384/kernel_legacy,0.17229,3.344e-04
RESULT,512,fused_bf16io,32x32/w8/occ4/smem16384/kernel_legacy,0.14801,2.363e-03
RESULT,512,fused_fp16acc_fp32io,32x32/w8/occ4/smem12288/kernel_legacy,0.14713,5.420e-04
RESULT,512,fused_fp16acc_bf16io,32x32/w8/occ4/smem12288/kernel_legacy,0.13517,2.402e-03
RESULT,512,fused_fp32io,32x32/w8/occ4/smem16384/kernel_cached,0.15166,3.344e-04
RESULT,512,fused_bf16io,32x32/w8/occ4/smem16384/kernel_cached,0.15512,2.363e-03
RESULT,512,fused_fp16acc_fp32io,32x32/w8/occ4/smem12288/kernel_cached,0.13566,5.420e-04
RESULT,512,fused_fp16acc_bf16io,32x32/w8/occ4/smem12288/kernel_cached,0.12753,2.402e-03
RESULT,512,fused_fp32io,64x16/w4/occ3/smem25600/kernel_legacy,0.27568,3.522e-04
RESULT,512,fused_bf16io,64x16/w4/occ3/smem25600/kernel_legacy,0.24199,2.365e-03
RESULT,512,fused_fp16acc_fp32io,64x16/w4/occ4/smem23552/kernel_legacy,0.19408,5.993e-04
RESULT,512,fused_fp16acc_bf16io,64x16/w4/occ4/smem23552/kernel_legacy,0.18884,2.433e-03
RESULT,512,fused_fp32io,64x16/w4/occ3/smem25600/kernel_cached,0.25323,3.522e-04
RESULT,512,fused_bf16io,64x16/w4/occ3/smem25600/kernel_cached,0.21873,2.365e-03
RESULT,512,fused_fp16acc_fp32io,64x16/w4/occ4/smem23552/kernel_cached,0.17994,5.993e-04
RESULT,512,fused_fp16acc_bf16io,64x16/w4/occ4/smem23552/kernel_cached,0.17012,2.433e-03
RESULT,512,fused_fp32io,16x64/w4/occ3/smem25600/kernel_legacy,0.38617,3.468e-04
RESULT,512,fused_bf16io,16x64/w4/occ3/smem25600/kernel_legacy,0.38428,2.365e-03
RESULT,512,fused_fp16acc_fp32io,16x64/w4/occ4/smem23552/kernel_legacy,0.31146,5.597e-04
RESULT,512,fused_fp16acc_bf16io,16x64/w4/occ4/smem23552/kernel_legacy,0.29804,2.424e-03
RESULT,512,fused_fp32io,16x64/w4/occ3/smem25600/kernel_cached,0.35838,3.468e-04
RESULT,512,fused_bf16io,16x64/w4/occ3/smem25600/kernel_cached,0.35074,2.365e-03
RESULT,512,fused_fp16acc_fp32io,16x64/w4/occ4/smem23552/kernel_cached,0.29015,5.597e-04
RESULT,512,fused_fp16acc_bf16io,16x64/w4/occ4/smem23552/kernel_cached,0.27698,2.424e-03
SELECT,512,fused_fp16acc_bf16io,32x32/w4/occ9/smem10240/kernel_legacy,0.11631,2.401751558e-03,1.000000000e-02,bf16
MEMORY,512,hybrid,141642752,0,33.517,29696,0,0.031,100.764
RESULT,1024,cufft_pipeline_fp32,-,1.80832,2.733e-07
RESULT,1024,cufft_core_fp32,-,1.32543,2.733e-07
RESULT,1024,fused_fp32io,64x32/w4/occ3/smem32768/kernel_legacy,0.45967,3.355e-04
RESULT,1024,fused_bf16io,64x32/w4/occ3/smem32768/kernel_legacy,0.41396,2.363e-03
RESULT,1024,fused_fp16acc_fp32io,64x32/w4/occ3/smem30720/kernel_legacy,0.39598,6.085e-04
RESULT,1024,fused_fp16acc_bf16io,64x32/w4/occ3/smem30720/kernel_legacy,0.37903,2.435e-03
RESULT,1024,fused_fp32io,64x32/w4/occ3/smem32768/kernel_cached,0.40493,3.355e-04
RESULT,1024,fused_bf16io,64x32/w4/occ3/smem32768/kernel_cached,0.40607,2.363e-03
RESULT,1024,fused_fp16acc_fp32io,64x32/w4/occ3/smem30720/kernel_cached,0.37444,6.085e-04
RESULT,1024,fused_fp16acc_bf16io,64x32/w4/occ3/smem30720/kernel_cached,0.39715,2.435e-03
RESULT,1024,fused_fp32io,32x64/w4/occ3/smem32768/kernel_legacy,0.61844,3.371e-04
RESULT,1024,fused_bf16io,32x64/w4/occ3/smem32768/kernel_legacy,0.58590,2.364e-03
RESULT,1024,fused_fp16acc_fp32io,32x64/w4/occ3/smem30720/kernel_legacy,0.57760,5.783e-04
RESULT,1024,fused_fp16acc_bf16io,32x64/w4/occ3/smem30720/kernel_legacy,0.53067,2.410e-03
RESULT,1024,fused_fp32io,32x64/w4/occ3/smem32768/kernel_cached,0.60537,3.371e-04
RESULT,1024,fused_bf16io,32x64/w4/occ3/smem32768/kernel_cached,0.55742,2.364e-03
RESULT,1024,fused_fp16acc_fp32io,32x64/w4/occ3/smem30720/kernel_cached,0.55289,5.783e-04
RESULT,1024,fused_fp16acc_bf16io,32x64/w4/occ3/smem30720/kernel_cached,0.50961,2.410e-03
RESULT,1024,fused_fp32io,64x32/w8/occ2/smem36864/kernel_legacy,0.51992,3.355e-04
RESULT,1024,fused_bf16io,64x32/w8/occ2/smem36864/kernel_legacy,0.46217,2.363e-03
RESULT,1024,fused_fp16acc_fp32io,64x32/w8/occ3/smem32768/kernel_legacy,0.40854,6.085e-04
RESULT,1024,fused_fp16acc_bf16io,64x32/w8/occ3/smem32768/kernel_legacy,0.35918,2.435e-03
RESULT,1024,fused_fp32io,64x32/w8/occ2/smem36864/kernel_cached,0.48274,3.355e-04
RESULT,1024,fused_bf16io,64x32/w8/occ2/smem36864/kernel_cached,0.43720,2.363e-03
RESULT,1024,fused_fp16acc_fp32io,64x32/w8/occ3/smem32768/kernel_cached,0.34704,6.085e-04
RESULT,1024,fused_fp16acc_bf16io,64x32/w8/occ3/smem32768/kernel_cached,0.33471,2.435e-03
RESULT,1024,fused_fp32io,32x64/w8/occ2/smem36864/kernel_legacy,0.65167,3.371e-04
RESULT,1024,fused_bf16io,32x64/w8/occ2/smem36864/kernel_legacy,0.66544,2.364e-03
RESULT,1024,fused_fp16acc_fp32io,32x64/w8/occ3/smem32768/kernel_legacy,0.51872,5.783e-04
RESULT,1024,fused_fp16acc_bf16io,32x64/w8/occ3/smem32768/kernel_legacy,0.50543,2.410e-03
RESULT,1024,fused_fp32io,32x64/w8/occ2/smem36864/kernel_cached,0.61587,3.371e-04
RESULT,1024,fused_bf16io,32x64/w8/occ2/smem36864/kernel_cached,0.62045,2.364e-03
RESULT,1024,fused_fp16acc_fp32io,32x64/w8/occ3/smem32768/kernel_cached,0.51848,5.783e-04
RESULT,1024,fused_fp16acc_bf16io,32x64/w8/occ3/smem32768/kernel_cached,0.49699,2.410e-03
SELECT,1024,fused_fp16acc_bf16io,64x32/w8/occ3/smem32768/kernel_cached,0.33471,2.435428487e-03,1.000000000e-02,bf16
MEMORY,1024,hybrid,283208704,0,54.570,37888,0,0.035,188.217
RESULT,2048,cufft_pipeline_fp32,-,3.98561,2.957e-07
RESULT,2048,cufft_core_fp32,-,3.01677,2.957e-07
RESULT,2048,fused_fp32io,16x16x16/w4/occ4/smem21504/kernel_legacy,0.75869,4.697e-04
RESULT,2048,fused_bf16io,16x16x16/w4/occ4/smem21504/kernel_legacy,0.65037,2.386e-03
RESULT,2048,fused_fp16acc_fp32io,16x16x16/w4/occ5/smem19456/kernel_legacy,0.71382,6.275e-04
RESULT,2048,fused_fp16acc_bf16io,16x16x16/w4/occ5/smem19456/kernel_legacy,0.52904,2.440e-03
RESULT,2048,fused_fp32io,16x16x16/w4/occ4/smem21504/kernel_cached,0.76314,4.697e-04
RESULT,2048,fused_bf16io,16x16x16/w4/occ4/smem21504/kernel_cached,0.67223,2.386e-03
RESULT,2048,fused_fp16acc_fp32io,16x16x16/w4/occ5/smem19456/kernel_cached,0.66601,6.275e-04
RESULT,2048,fused_fp16acc_bf16io,16x16x16/w4/occ5/smem19456/kernel_cached,0.58459,2.440e-03
RESULT,2048,fused_fp32io,16x16x16/w8/occ3/smem25600/kernel_legacy,0.78938,4.697e-04
RESULT,2048,fused_bf16io,16x16x16/w8/occ3/smem25600/kernel_legacy,0.64744,2.386e-03
RESULT,2048,fused_fp16acc_fp32io,16x16x16/w8/occ4/smem21504/kernel_legacy,0.69088,6.275e-04
RESULT,2048,fused_fp16acc_bf16io,16x16x16/w8/occ4/smem21504/kernel_legacy,0.50490,2.440e-03
RESULT,2048,fused_fp32io,16x16x16/w8/occ3/smem25600/kernel_cached,0.74606,4.697e-04
RESULT,2048,fused_bf16io,16x16x16/w8/occ3/smem25600/kernel_cached,0.67291,2.386e-03
RESULT,2048,fused_fp16acc_fp32io,16x16x16/w8/occ4/smem21504/kernel_cached,0.74628,6.275e-04
RESULT,2048,fused_fp16acc_bf16io,16x16x16/w8/occ4/smem21504/kernel_cached,0.49518,2.440e-03
RESULT,2048,fused_fp32io,64x64/w8/occ2/smem40960/kernel_legacy,1.29998,3.381e-04
RESULT,2048,fused_bf16io,64x64/w8/occ2/smem40960/kernel_legacy,1.20811,2.363e-03
RESULT,2048,fused_fp16acc_fp32io,64x64/w8/occ2/smem36864/kernel_legacy,1.25121,6.417e-04
RESULT,2048,fused_fp16acc_bf16io,64x64/w8/occ2/smem36864/kernel_legacy,1.09738,2.443e-03
RESULT,2048,fused_fp32io,64x64/w8/occ2/smem40960/kernel_cached,1.30154,3.381e-04
RESULT,2048,fused_bf16io,64x64/w8/occ2/smem40960/kernel_cached,1.22759,2.363e-03
RESULT,2048,fused_fp16acc_fp32io,64x64/w8/occ2/smem36864/kernel_cached,1.23567,6.417e-04
RESULT,2048,fused_fp16acc_bf16io,64x64/w8/occ2/smem36864/kernel_cached,1.15543,2.443e-03
RESULT,2048,fused_fp32io,64x64/w4/occ2/smem36864/kernel_legacy,1.34730,3.381e-04
RESULT,2048,fused_bf16io,64x64/w4/occ2/smem36864/kernel_legacy,1.28556,2.363e-03
RESULT,2048,fused_fp16acc_fp32io,64x64/w4/occ2/smem34816/kernel_legacy,1.26432,6.417e-04
RESULT,2048,fused_fp16acc_bf16io,64x64/w4/occ2/smem34816/kernel_legacy,1.21754,2.443e-03
RESULT,2048,fused_fp32io,64x64/w4/occ2/smem36864/kernel_cached,1.25559,3.381e-04
RESULT,2048,fused_bf16io,64x64/w4/occ2/smem36864/kernel_cached,1.22988,2.363e-03
RESULT,2048,fused_fp16acc_fp32io,64x64/w4/occ2/smem34816/kernel_cached,1.23987,6.417e-04
RESULT,2048,fused_fp16acc_bf16io,64x64/w4/occ2/smem34816/kernel_cached,1.14513,2.443e-03
SELECT,2048,fused_fp16acc_bf16io,16x16x16/w8/occ4/smem21504/kernel_cached,0.49518,2.439660081e-03,1.000000000e-02,bf16
MEMORY,2048,hybrid,566340608,0,106.435,54272,0,0.034,372.692
RESULT,4096,cufft_pipeline_fp32,-,8.10724,3.081e-07
RESULT,4096,cufft_core_fp32,-,6.00146,3.081e-07
RESULT,4096,fused_fp32io,32x16x16/w4/occ2/smem41984/kernel_legacy,2.01573,4.284e-04
RESULT,4096,fused_bf16io,32x16x16/w4/occ2/smem41984/kernel_legacy,1.79317,2.379e-03
RESULT,4096,fused_fp16acc_fp32io,32x16x16/w4/occ2/smem39936/kernel_legacy,1.89330,6.205e-04
RESULT,4096,fused_fp16acc_bf16io,32x16x16/w4/occ2/smem39936/kernel_legacy,1.54793,2.421e-03
RESULT,4096,fused_fp32io,32x16x16/w4/occ2/smem41984/kernel_cached,1.98161,4.284e-04
RESULT,4096,fused_bf16io,32x16x16/w4/occ2/smem41984/kernel_cached,1.75332,2.379e-03
RESULT,4096,fused_fp16acc_fp32io,32x16x16/w4/occ2/smem39936/kernel_cached,1.93651,6.205e-04
RESULT,4096,fused_fp16acc_bf16io,32x16x16/w4/occ2/smem39936/kernel_cached,1.60214,2.421e-03
RESULT,4096,fused_fp32io,16x32x16/w4/occ2/smem41984/kernel_legacy,2.08793,4.261e-04
RESULT,4096,fused_bf16io,16x32x16/w4/occ2/smem41984/kernel_legacy,2.03367,2.378e-03
RESULT,4096,fused_fp16acc_fp32io,16x32x16/w4/occ2/smem39936/kernel_legacy,1.92727,6.169e-04
RESULT,4096,fused_fp16acc_bf16io,16x32x16/w4/occ2/smem39936/kernel_legacy,1.83007,2.438e-03
RESULT,4096,fused_fp32io,16x32x16/w4/occ2/smem41984/kernel_cached,2.14749,4.261e-04
RESULT,4096,fused_bf16io,16x32x16/w4/occ2/smem41984/kernel_cached,2.01708,2.378e-03
RESULT,4096,fused_fp16acc_fp32io,16x32x16/w4/occ2/smem39936/kernel_cached,2.06936,6.169e-04
RESULT,4096,fused_fp16acc_bf16io,16x32x16/w4/occ2/smem39936/kernel_cached,1.91575,2.438e-03
RESULT,4096,fused_fp32io,16x16x32/w4/occ2/smem41984/kernel_legacy,2.19868,4.252e-04
RESULT,4096,fused_bf16io,16x16x32/w4/occ2/smem41984/kernel_legacy,2.17291,2.378e-03
RESULT,4096,fused_fp16acc_fp32io,16x16x32/w4/occ2/smem39936/kernel_legacy,1.94613,6.150e-04
RESULT,4096,fused_fp16acc_bf16io,16x16x32/w4/occ2/smem39936/kernel_legacy,1.86580,2.438e-03
RESULT,4096,fused_fp32io,16x16x32/w4/occ2/smem41984/kernel_cached,2.27008,4.252e-04
RESULT,4096,fused_bf16io,16x16x32/w4/occ2/smem41984/kernel_cached,2.20596,2.378e-03
RESULT,4096,fused_fp16acc_fp32io,16x16x32/w4/occ2/smem39936/kernel_cached,1.98579,6.150e-04
RESULT,4096,fused_fp16acc_bf16io,16x16x32/w4/occ2/smem39936/kernel_cached,1.88509,2.438e-03
RESULT,4096,fused_fp32io,32x16x16/w8/occ2/smem46080/kernel_legacy,1.88860,4.284e-04
RESULT,4096,fused_bf16io,32x16x16/w8/occ2/smem46080/kernel_legacy,1.46573,2.379e-03
RESULT,4096,fused_fp16acc_fp32io,32x16x16/w8/occ2/smem41984/kernel_legacy,1.99793,6.205e-04
RESULT,4096,fused_fp16acc_bf16io,32x16x16/w8/occ2/smem41984/kernel_legacy,1.16830,2.421e-03
RESULT,4096,fused_fp32io,32x16x16/w8/occ2/smem46080/kernel_cached,1.96656,4.284e-04
RESULT,4096,fused_bf16io,32x16x16/w8/occ2/smem46080/kernel_cached,1.44533,2.379e-03
RESULT,4096,fused_fp16acc_fp32io,32x16x16/w8/occ2/smem41984/kernel_cached,1.96731,6.205e-04
RESULT,4096,fused_fp16acc_bf16io,32x16x16/w8/occ2/smem41984/kernel_cached,1.15521,2.421e-03
RESULT,4096,fused_fp32io,16x16x32/w8/occ2/smem46080/kernel_legacy,1.93508,4.252e-04
RESULT,4096,fused_bf16io,16x16x32/w8/occ2/smem46080/kernel_legacy,1.96551,2.378e-03
RESULT,4096,fused_fp16acc_fp32io,16x16x32/w8/occ2/smem41984/kernel_legacy,1.83345,6.150e-04
RESULT,4096,fused_fp16acc_bf16io,16x16x32/w8/occ2/smem41984/kernel_legacy,1.44224,2.438e-03
RESULT,4096,fused_fp32io,16x16x32/w8/occ2/smem46080/kernel_cached,1.95568,4.252e-04
RESULT,4096,fused_bf16io,16x16x32/w8/occ2/smem46080/kernel_cached,1.90454,2.378e-03
RESULT,4096,fused_fp16acc_fp32io,16x16x32/w8/occ2/smem41984/kernel_cached,1.79899,6.150e-04
RESULT,4096,fused_fp16acc_bf16io,16x16x32/w8/occ2/smem41984/kernel_cached,1.34459,2.438e-03
SELECT,4096,fused_fp16acc_bf16io,32x16x16/w8/occ2/smem41984/kernel_cached,1.15521,2.421442903e-03,1.000000000e-02,bf16
MEMORY,4096,hybrid,1132604416,0,185.727,87040,0,0.035,721.230
RESULT,8192,cufft_pipeline_fp32,-,16.04196,3.684e-07
RESULT,8192,cufft_core_fp32,-,11.79631,3.684e-07
RESULT,8192,fused_fp32io,32x32x16/w4/occ1/smem74752/kernel_legacy,5.43890,3.972e-04
RESULT,8192,fused_bf16io,32x32x16/w4/occ1/smem74752/kernel_legacy,4.92052,2.373e-03
RESULT,8192,fused_fp16acc_fp32io,32x32x16/w4/occ1/smem72704/kernel_legacy,5.57281,6.199e-04
RESULT,8192,fused_fp16acc_bf16io,32x32x16/w4/occ1/smem72704/kernel_legacy,4.70422,2.420e-03
RESULT,8192,fused_fp32io,32x32x16/w4/occ1/smem74752/kernel_cached,5.44636,3.972e-04
RESULT,8192,fused_bf16io,32x32x16/w4/occ1/smem74752/kernel_cached,4.90595,2.373e-03
RESULT,8192,fused_fp16acc_fp32io,32x32x16/w4/occ1/smem72704/kernel_cached,5.45594,6.199e-04
RESULT,8192,fused_fp16acc_bf16io,32x32x16/w4/occ1/smem72704/kernel_cached,4.70068,2.420e-03
RESULT,8192,fused_fp32io,16x32x32/w4/occ1/smem74752/kernel_legacy,5.61669,3.944e-04
RESULT,8192,fused_bf16io,16x32x32/w4/occ1/smem74752/kernel_legacy,5.51790,2.372e-03
RESULT,8192,fused_fp16acc_fp32io,16x32x32/w4/occ1/smem72704/kernel_legacy,5.82102,6.140e-04
RESULT,8192,fused_fp16acc_bf16io,16x32x32/w4/occ1/smem72704/kernel_legacy,5.00462,2.436e-03
RESULT,8192,fused_fp32io,16x32x32/w4/occ1/smem74752/kernel_cached,5.64900,3.944e-04
RESULT,8192,fused_bf16io,16x32x32/w4/occ1/smem74752/kernel_cached,5.68211,2.372e-03
RESULT,8192,fused_fp16acc_fp32io,16x32x32/w4/occ1/smem72704/kernel_cached,5.86727,6.140e-04
RESULT,8192,fused_fp16acc_bf16io,16x32x32/w4/occ1/smem72704/kernel_cached,5.00216,2.436e-03
RESULT,8192,fused_fp32io,64x16x16/w4/occ1/smem87040/kernel_legacy,6.02395,4.271e-04
RESULT,8192,fused_bf16io,64x16x16/w4/occ1/smem87040/kernel_legacy,5.20296,2.378e-03
RESULT,8192,fused_fp16acc_fp32io,64x16x16/w4/occ1/smem84992/kernel_legacy,5.62657,6.794e-04
RESULT,8192,fused_fp16acc_bf16io,64x16x16/w4/occ1/smem84992/kernel_legacy,4.78314,2.454e-03
RESULT,8192,fused_fp32io,64x16x16/w4/occ1/smem87040/kernel_cached,6.05951,4.271e-04
RESULT,8192,fused_bf16io,64x16x16/w4/occ1/smem87040/kernel_cached,5.21308,2.378e-03
RESULT,8192,fused_fp16acc_fp32io,64x16x16/w4/occ1/smem84992/kernel_cached,5.70318,6.794e-04
RESULT,8192,fused_fp16acc_bf16io,64x16x16/w4/occ1/smem84992/kernel_cached,4.78695,2.454e-03
RESULT,8192,fused_fp32io,32x32x16/w8/occ1/smem78848/kernel_legacy,4.68863,3.972e-04
RESULT,8192,fused_bf16io,32x32x16/w8/occ1/smem78848/kernel_legacy,4.03016,2.373e-03
RESULT,8192,fused_fp16acc_fp32io,32x32x16/w8/occ1/smem74752/kernel_legacy,4.81141,6.199e-04
RESULT,8192,fused_fp16acc_bf16io,32x32x16/w8/occ1/smem74752/kernel_legacy,3.73088,2.420e-03
RESULT,8192,fused_fp32io,32x32x16/w8/occ1/smem78848/kernel_cached,4.66958,3.972e-04
RESULT,8192,fused_bf16io,32x32x16/w8/occ1/smem78848/kernel_cached,4.11719,2.373e-03
RESULT,8192,fused_fp16acc_fp32io,32x32x16/w8/occ1/smem74752/kernel_cached,4.82120,6.199e-04
RESULT,8192,fused_fp16acc_bf16io,32x32x16/w8/occ1/smem74752/kernel_cached,3.75528,2.420e-03
RESULT,8192,fused_fp32io,16x32x32/w8/occ1/smem78848/kernel_legacy,5.25463,3.944e-04
RESULT,8192,fused_bf16io,16x32x32/w8/occ1/smem78848/kernel_legacy,4.83625,2.372e-03
RESULT,8192,fused_fp16acc_fp32io,16x32x32/w8/occ1/smem74752/kernel_legacy,4.85847,6.140e-04
RESULT,8192,fused_fp16acc_bf16io,16x32x32/w8/occ1/smem74752/kernel_legacy,4.20142,2.436e-03
RESULT,8192,fused_fp32io,16x32x32/w8/occ1/smem78848/kernel_cached,5.27964,3.944e-04
RESULT,8192,fused_bf16io,16x32x32/w8/occ1/smem78848/kernel_cached,4.92276,2.372e-03
RESULT,8192,fused_fp16acc_fp32io,16x32x32/w8/occ1/smem74752/kernel_cached,4.96525,6.140e-04
RESULT,8192,fused_fp16acc_bf16io,16x32x32/w8/occ1/smem74752/kernel_cached,4.31021,2.436e-03
RESULT,8192,fused_fp32io,16x16x64/w8/occ1/smem91136/kernel_legacy,6.69390,4.258e-04
RESULT,8192,fused_bf16io,16x16x64/w8/occ1/smem91136/kernel_legacy,6.19519,2.378e-03
RESULT,8192,fused_fp16acc_fp32io,16x16x64/w8/occ1/smem87040/kernel_legacy,6.35213,6.463e-04
RESULT,8192,fused_fp16acc_bf16io,16x16x64/w8/occ1/smem87040/kernel_legacy,5.72652,2.445e-03
RESULT,8192,fused_fp32io,16x16x64/w8/occ1/smem91136/kernel_cached,6.73878,4.258e-04
RESULT,8192,fused_bf16io,16x16x64/w8/occ1/smem91136/kernel_cached,6.32477,2.378e-03
RESULT,8192,fused_fp16acc_fp32io,16x16x64/w8/occ1/smem87040/kernel_cached,6.37109,6.463e-04
RESULT,8192,fused_fp16acc_bf16io,16x16x64/w8/occ1/smem87040/kernel_cached,5.72056,2.445e-03
SELECT,8192,fused_fp16acc_bf16io,32x32x16/w8/occ1/smem74752/kernel_legacy,3.73088,2.420119196e-03,1.000000000e-02,bf16
MEMORY,8192,hybrid,2265132032,0,407.234,152576,0,0.053,1477.877
RUN,optimized,2,hybrid,auto,9605cb2a0130671ecdb98bae79ac598e28bf2d6b
# MEMORY_CAPS,mapped=1,managed=1,concurrent_managed=1,pageable=1,host_page_tables=1,integrated=1
# NVIDIA GB10 sm_121 48 SMs, smem/block 101376, L2 24 MB, B=8 H=768
# calibration seed=88172645463325252, input_scale=1.000000000e+00, max_error=1.000000000e-02, io=bf16,allocator=hybrid,kernel=auto
RESULT,128,cufft_pipeline_fp32,-,0.14237,2.401e-07
RESULT,128,cufft_core_fp32,-,0.07275,2.401e-07
RESULT,128,fused_fp32io,16x16/w4/occ10/smem6144/kernel_legacy,0.04170,3.814e-04
RESULT,128,fused_bf16io,16x16/w4/occ10/smem6144/kernel_legacy,0.03076,2.367e-03
RESULT,128,fused_fp16acc_fp32io,16x16/w4/occ12/smem4096/kernel_legacy,0.03426,5.244e-04
RESULT,128,fused_fp16acc_bf16io,16x16/w4/occ12/smem4096/kernel_legacy,0.02678,2.415e-03
RESULT,128,fused_fp32io,16x16/w4/occ10/smem6144/kernel_cached,0.03830,3.814e-04
RESULT,128,fused_bf16io,16x16/w4/occ10/smem6144/kernel_cached,0.03072,2.367e-03
RESULT,128,fused_fp16acc_fp32io,16x16/w4/occ12/smem4096/kernel_cached,0.03252,5.244e-04
RESULT,128,fused_fp16acc_bf16io,16x16/w4/occ12/smem4096/kernel_cached,0.02639,2.415e-03
RESULT,128,fused_fp32io,16x16/w8/occ5/smem10240/kernel_legacy,0.05199,3.814e-04
RESULT,128,fused_bf16io,16x16/w8/occ5/smem10240/kernel_legacy,0.04302,2.367e-03
RESULT,128,fused_fp16acc_fp32io,16x16/w8/occ6/smem6144/kernel_legacy,0.04307,5.244e-04
RESULT,128,fused_fp16acc_bf16io,16x16/w8/occ6/smem6144/kernel_legacy,0.03681,2.415e-03
RESULT,128,fused_fp32io,16x16/w8/occ5/smem10240/kernel_cached,0.04949,3.814e-04
RESULT,128,fused_bf16io,16x16/w8/occ5/smem10240/kernel_cached,0.04352,2.367e-03
RESULT,128,fused_fp16acc_fp32io,16x16/w8/occ6/smem6144/kernel_cached,0.04092,5.244e-04
RESULT,128,fused_fp16acc_bf16io,16x16/w8/occ6/smem6144/kernel_cached,0.03280,2.415e-03
SELECT,128,fused_fp16acc_bf16io,16x16/w4/occ12/smem4096/kernel_cached,0.02639,2.414541959e-03,1.000000000e-02,bf16
MEMORY,128,hybrid,35468288,0,8.800,23552,0,0.029,34.515
RESULT,256,cufft_pipeline_fp32,-,0.31826,2.335e-07
RESULT,256,cufft_core_fp32,-,0.25660,2.335e-07
RESULT,256,fused_fp32io,32x16/w4/occ8/smem11264/kernel_legacy,0.07967,3.520e-04
RESULT,256,fused_bf16io,32x16/w4/occ8/smem11264/kernel_legacy,0.06367,2.371e-03
RESULT,256,fused_fp16acc_fp32io,32x16/w4/occ10/smem9216/kernel_legacy,0.06152,5.324e-04
RESULT,256,fused_fp16acc_bf16io,32x16/w4/occ10/smem9216/kernel_legacy,0.06001,2.404e-03
RESULT,256,fused_fp32io,32x16/w4/occ8/smem11264/kernel_cached,0.06146,3.520e-04
RESULT,256,fused_bf16io,32x16/w4/occ8/smem11264/kernel_cached,0.05940,2.371e-03
RESULT,256,fused_fp16acc_fp32io,32x16/w4/occ10/smem9216/kernel_cached,0.04970,5.324e-04
RESULT,256,fused_fp16acc_bf16io,32x16/w4/occ10/smem9216/kernel_cached,0.05231,2.404e-03
RESULT,256,fused_fp32io,16x32/w4/occ8/smem11264/kernel_legacy,0.08808,3.457e-04
RESULT,256,fused_bf16io,16x32/w4/occ8/smem11264/kernel_legacy,0.08117,2.369e-03
RESULT,256,fused_fp16acc_fp32io,16x32/w4/occ9/smem9216/kernel_legacy,0.07725,5.220e-04
RESULT,256,fused_fp16acc_bf16io,16x32/w4/occ9/smem9216/kernel_legacy,0.06971,2.419e-03
RESULT,256,fused_fp32io,16x32/w4/occ8/smem11264/kernel_cached,0.08199,3.457e-04
RESULT,256,fused_bf16io,16x32/w4/occ8/smem11264/kernel_cached,0.08553,2.369e-03
RESULT,256,fused_fp16acc_fp32io,16x32/w4/occ9/smem9216/kernel_cached,0.06758,5.220e-04
RESULT,256,fused_fp16acc_bf16io,16x32/w4/occ9/smem9216/kernel_cached,0.06361,2.419e-03
RESULT,256,fused_fp32io,32x16/w8/occ5/smem15360/kernel_legacy,0.08677,3.520e-04
RESULT,256,fused_bf16io,32x16/w8/occ5/smem15360/kernel_legacy,0.07168,2.371e-03
RESULT,256,fused_fp16acc_fp32io,32x16/w8/occ6/smem11264/kernel_legacy,0.06886,5.324e-04
RESULT,256,fused_fp16acc_bf16io,32x16/w8/occ6/smem11264/kernel_legacy,0.06288,2.404e-03
RESULT,256,fused_fp32io,32x16/w8/occ5/smem15360/kernel_cached,0.06962,3.520e-04
RESULT,256,fused_bf16io,32x16/w8/occ5/smem15360/kernel_cached,0.06556,2.371e-03
RESULT,256,fused_fp16acc_fp32io,32x16/w8/occ6/smem11264/kernel_cached,0.06329,5.324e-04
RESULT,256,fused_fp16acc_bf16io,32x16/w8/occ6/smem11264/kernel_cached,0.05286,2.404e-03
SELECT,256,fused_fp16acc_bf16io,32x16/w4/occ10/smem9216/kernel_cached,0.05231,2.403527438e-03,1.000000000e-02,bf16
MEMORY,256,hybrid,70859776,0,15.329,25600,0,0.024,49.338
RESULT,512,cufft_pipeline_fp32,-,0.88120,3.433e-07
RESULT,512,cufft_core_fp32,-,0.65268,3.433e-07
RESULT,512,fused_fp32io,32x32/w4/occ7/smem12288/kernel_legacy,0.14578,3.344e-04
RESULT,512,fused_bf16io,32x32/w4/occ7/smem12288/kernel_legacy,0.14093,2.363e-03
RESULT,512,fused_fp16acc_fp32io,32x32/w4/occ9/smem10240/kernel_legacy,0.12294,5.420e-04
RESULT,512,fused_fp16acc_bf16io,32x32/w4/occ9/smem10240/kernel_legacy,0.11703,2.402e-03
RESULT,512,fused_fp32io,32x32/w4/occ7/smem12288/kernel_cached,0.15063,3.344e-04
RESULT,512,fused_bf16io,32x32/w4/occ7/smem12288/kernel_cached,0.14303,2.363e-03
RESULT,512,fused_fp16acc_fp32io,32x32/w4/occ9/smem10240/kernel_cached,0.13470,5.420e-04
RESULT,512,fused_fp16acc_bf16io,32x32/w4/occ9/smem10240/kernel_cached,0.11861,2.402e-03
RESULT,512,fused_fp32io,32x32/w8/occ4/smem16384/kernel_legacy,0.15834,3.344e-04
RESULT,512,fused_bf16io,32x32/w8/occ4/smem16384/kernel_legacy,0.15760,2.363e-03
RESULT,512,fused_fp16acc_fp32io,32x32/w8/occ4/smem12288/kernel_legacy,0.14830,5.420e-04
RESULT,512,fused_fp16acc_bf16io,32x32/w8/occ4/smem12288/kernel_legacy,0.13526,2.402e-03
RESULT,512,fused_fp32io,32x32/w8/occ4/smem16384/kernel_cached,0.16351,3.344e-04
RESULT,512,fused_bf16io,32x32/w8/occ4/smem16384/kernel_cached,0.14534,2.363e-03
RESULT,512,fused_fp16acc_fp32io,32x32/w8/occ4/smem12288/kernel_cached,0.14852,5.420e-04
RESULT,512,fused_fp16acc_bf16io,32x32/w8/occ4/smem12288/kernel_cached,0.16068,2.402e-03
RESULT,512,fused_fp32io,64x16/w4/occ3/smem25600/kernel_legacy,0.29404,3.522e-04
RESULT,512,fused_bf16io,64x16/w4/occ3/smem25600/kernel_legacy,0.24655,2.365e-03
RESULT,512,fused_fp16acc_fp32io,64x16/w4/occ4/smem23552/kernel_legacy,0.21302,5.993e-04
RESULT,512,fused_fp16acc_bf16io,64x16/w4/occ4/smem23552/kernel_legacy,0.18874,2.433e-03
RESULT,512,fused_fp32io,64x16/w4/occ3/smem25600/kernel_cached,0.27095,3.522e-04
RESULT,512,fused_bf16io,64x16/w4/occ3/smem25600/kernel_cached,0.21518,2.365e-03
RESULT,512,fused_fp16acc_fp32io,64x16/w4/occ4/smem23552/kernel_cached,0.18398,5.993e-04
RESULT,512,fused_fp16acc_bf16io,64x16/w4/occ4/smem23552/kernel_cached,0.17051,2.433e-03
RESULT,512,fused_fp32io,16x64/w4/occ3/smem25600/kernel_legacy,0.39742,3.468e-04
RESULT,512,fused_bf16io,16x64/w4/occ3/smem25600/kernel_legacy,0.38857,2.365e-03
RESULT,512,fused_fp16acc_fp32io,16x64/w4/occ4/smem23552/kernel_legacy,0.31268,5.597e-04
RESULT,512,fused_fp16acc_bf16io,16x64/w4/occ4/smem23552/kernel_legacy,0.29466,2.424e-03
RESULT,512,fused_fp32io,16x64/w4/occ3/smem25600/kernel_cached,0.36476,3.468e-04
RESULT,512,fused_bf16io,16x64/w4/occ3/smem25600/kernel_cached,0.35340,2.365e-03
RESULT,512,fused_fp16acc_fp32io,16x64/w4/occ4/smem23552/kernel_cached,0.30635,5.597e-04
RESULT,512,fused_fp16acc_bf16io,16x64/w4/occ4/smem23552/kernel_cached,0.27683,2.424e-03
SELECT,512,fused_fp16acc_bf16io,32x32/w4/occ9/smem10240/kernel_legacy,0.11703,2.401751558e-03,1.000000000e-02,bf16
MEMORY,512,hybrid,141642752,0,27.603,29696,0,0.027,93.724
RESULT,1024,cufft_pipeline_fp32,-,1.83739,2.733e-07
RESULT,1024,cufft_core_fp32,-,1.35151,2.733e-07
RESULT,1024,fused_fp32io,64x32/w4/occ3/smem32768/kernel_legacy,0.45000,3.355e-04
RESULT,1024,fused_bf16io,64x32/w4/occ3/smem32768/kernel_legacy,0.41298,2.363e-03
RESULT,1024,fused_fp16acc_fp32io,64x32/w4/occ3/smem30720/kernel_legacy,0.41477,6.085e-04
RESULT,1024,fused_fp16acc_bf16io,64x32/w4/occ3/smem30720/kernel_legacy,0.37960,2.435e-03
RESULT,1024,fused_fp32io,64x32/w4/occ3/smem32768/kernel_cached,0.41031,3.355e-04
RESULT,1024,fused_bf16io,64x32/w4/occ3/smem32768/kernel_cached,0.41012,2.363e-03
RESULT,1024,fused_fp16acc_fp32io,64x32/w4/occ3/smem30720/kernel_cached,0.37311,6.085e-04
RESULT,1024,fused_fp16acc_bf16io,64x32/w4/occ3/smem30720/kernel_cached,0.37018,2.435e-03
RESULT,1024,fused_fp32io,32x64/w4/occ3/smem32768/kernel_legacy,0.59978,3.371e-04
RESULT,1024,fused_bf16io,32x64/w4/occ3/smem32768/kernel_legacy,0.58696,2.364e-03
RESULT,1024,fused_fp16acc_fp32io,32x64/w4/occ3/smem30720/kernel_legacy,0.57684,5.783e-04
RESULT,1024,fused_fp16acc_bf16io,32x64/w4/occ3/smem30720/kernel_legacy,0.54513,2.410e-03
RESULT,1024,fused_fp32io,32x64/w4/occ3/smem32768/kernel_cached,0.58139,3.371e-04
RESULT,1024,fused_bf16io,32x64/w4/occ3/smem32768/kernel_cached,0.56883,2.364e-03
RESULT,1024,fused_fp16acc_fp32io,32x64/w4/occ3/smem30720/kernel_cached,0.57268,5.783e-04
RESULT,1024,fused_fp16acc_bf16io,32x64/w4/occ3/smem30720/kernel_cached,0.52627,2.410e-03
RESULT,1024,fused_fp32io,64x32/w8/occ2/smem36864/kernel_legacy,0.51266,3.355e-04
RESULT,1024,fused_bf16io,64x32/w8/occ2/smem36864/kernel_legacy,0.48182,2.363e-03
RESULT,1024,fused_fp16acc_fp32io,64x32/w8/occ3/smem32768/kernel_legacy,0.37837,6.085e-04
RESULT,1024,fused_fp16acc_bf16io,64x32/w8/occ3/smem32768/kernel_legacy,0.36056,2.435e-03
RESULT,1024,fused_fp32io,64x32/w8/occ2/smem36864/kernel_cached,0.49295,3.355e-04
RESULT,1024,fused_bf16io,64x32/w8/occ2/smem36864/kernel_cached,0.43946,2.363e-03
RESULT,1024,fused_fp16acc_fp32io,64x32/w8/occ3/smem32768/kernel_cached,0.36211,6.085e-04
RESULT,1024,fused_fp16acc_bf16io,64x32/w8/occ3/smem32768/kernel_cached,0.33687,2.435e-03
RESULT,1024,fused_fp32io,32x64/w8/occ2/smem36864/kernel_legacy,0.65250,3.371e-04
RESULT,1024,fused_bf16io,32x64/w8/occ2/smem36864/kernel_legacy,0.64224,2.364e-03
RESULT,1024,fused_fp16acc_fp32io,32x64/w8/occ3/smem32768/kernel_legacy,0.54947,5.783e-04
RESULT,1024,fused_fp16acc_bf16io,32x64/w8/occ3/smem32768/kernel_legacy,0.49982,2.410e-03
RESULT,1024,fused_fp32io,32x64/w8/occ2/smem36864/kernel_cached,0.61467,3.371e-04
RESULT,1024,fused_bf16io,32x64/w8/occ2/smem36864/kernel_cached,0.63515,2.364e-03
RESULT,1024,fused_fp16acc_fp32io,32x64/w8/occ3/smem32768/kernel_cached,0.53053,5.783e-04
RESULT,1024,fused_fp16acc_bf16io,32x64/w8/occ3/smem32768/kernel_cached,0.48226,2.410e-03
SELECT,1024,fused_fp16acc_bf16io,64x32/w8/occ3/smem32768/kernel_cached,0.33687,2.435428487e-03,1.000000000e-02,bf16
MEMORY,1024,hybrid,283208704,0,54.860,37888,0,0.032,186.901
RESULT,2048,cufft_pipeline_fp32,-,4.04587,2.957e-07
RESULT,2048,cufft_core_fp32,-,3.02748,2.957e-07
RESULT,2048,fused_fp32io,16x16x16/w4/occ4/smem21504/kernel_legacy,0.75578,4.697e-04
RESULT,2048,fused_bf16io,16x16x16/w4/occ4/smem21504/kernel_legacy,0.68771,2.386e-03
RESULT,2048,fused_fp16acc_fp32io,16x16x16/w4/occ5/smem19456/kernel_legacy,0.69121,6.275e-04
RESULT,2048,fused_fp16acc_bf16io,16x16x16/w4/occ5/smem19456/kernel_legacy,0.54887,2.440e-03
RESULT,2048,fused_fp32io,16x16x16/w4/occ4/smem21504/kernel_cached,0.81393,4.697e-04
RESULT,2048,fused_bf16io,16x16x16/w4/occ4/smem21504/kernel_cached,0.65337,2.386e-03
RESULT,2048,fused_fp16acc_fp32io,16x16x16/w4/occ5/smem19456/kernel_cached,0.67716,6.275e-04
RESULT,2048,fused_fp16acc_bf16io,16x16x16/w4/occ5/smem19456/kernel_cached,0.55595,2.440e-03
RESULT,2048,fused_fp32io,16x16x16/w8/occ3/smem25600/kernel_legacy,0.77856,4.697e-04
RESULT,2048,fused_bf16io,16x16x16/w8/occ3/smem25600/kernel_legacy,0.65282,2.386e-03
RESULT,2048,fused_fp16acc_fp32io,16x16x16/w8/occ4/smem21504/kernel_legacy,0.73999,6.275e-04
RESULT,2048,fused_fp16acc_bf16io,16x16x16/w8/occ4/smem21504/kernel_legacy,0.50071,2.440e-03
RESULT,2048,fused_fp32io,16x16x16/w8/occ3/smem25600/kernel_cached,0.75352,4.697e-04
RESULT,2048,fused_bf16io,16x16x16/w8/occ3/smem25600/kernel_cached,0.70159,2.386e-03
RESULT,2048,fused_fp16acc_fp32io,16x16x16/w8/occ4/smem21504/kernel_cached,0.74985,6.275e-04
RESULT,2048,fused_fp16acc_bf16io,16x16x16/w8/occ4/smem21504/kernel_cached,0.52127,2.440e-03
RESULT,2048,fused_fp32io,64x64/w8/occ2/smem40960/kernel_legacy,1.27734,3.381e-04
RESULT,2048,fused_bf16io,64x64/w8/occ2/smem40960/kernel_legacy,1.21605,2.363e-03
RESULT,2048,fused_fp16acc_fp32io,64x64/w8/occ2/smem36864/kernel_legacy,1.20997,6.417e-04
RESULT,2048,fused_fp16acc_bf16io,64x64/w8/occ2/smem36864/kernel_legacy,1.10442,2.443e-03
RESULT,2048,fused_fp32io,64x64/w8/occ2/smem40960/kernel_cached,1.26584,3.381e-04
RESULT,2048,fused_bf16io,64x64/w8/occ2/smem40960/kernel_cached,1.19991,2.363e-03
RESULT,2048,fused_fp16acc_fp32io,64x64/w8/occ2/smem36864/kernel_cached,1.26408,6.417e-04
RESULT,2048,fused_fp16acc_bf16io,64x64/w8/occ2/smem36864/kernel_cached,1.10335,2.443e-03
RESULT,2048,fused_fp32io,64x64/w4/occ2/smem36864/kernel_legacy,1.37529,3.381e-04
RESULT,2048,fused_bf16io,64x64/w4/occ2/smem36864/kernel_legacy,1.28242,2.363e-03
RESULT,2048,fused_fp16acc_fp32io,64x64/w4/occ2/smem34816/kernel_legacy,1.31100,6.417e-04
RESULT,2048,fused_fp16acc_bf16io,64x64/w4/occ2/smem34816/kernel_legacy,1.22151,2.443e-03
RESULT,2048,fused_fp32io,64x64/w4/occ2/smem36864/kernel_cached,1.27946,3.381e-04
RESULT,2048,fused_bf16io,64x64/w4/occ2/smem36864/kernel_cached,1.26450,2.363e-03
RESULT,2048,fused_fp16acc_fp32io,64x64/w4/occ2/smem34816/kernel_cached,1.23508,6.417e-04
RESULT,2048,fused_fp16acc_bf16io,64x64/w4/occ2/smem34816/kernel_cached,1.18046,2.443e-03
SELECT,2048,fused_fp16acc_bf16io,16x16x16/w8/occ4/smem21504/kernel_legacy,0.50071,2.439660081e-03,1.000000000e-02,bf16
MEMORY,2048,hybrid,566340608,0,106.336,54272,0,0.032,372.323
RESULT,4096,cufft_pipeline_fp32,-,8.04006,3.081e-07
RESULT,4096,cufft_core_fp32,-,6.00696,3.081e-07
RESULT,4096,fused_fp32io,32x16x16/w4/occ2/smem41984/kernel_legacy,2.02030,4.284e-04
RESULT,4096,fused_bf16io,32x16x16/w4/occ2/smem41984/kernel_legacy,1.79091,2.379e-03
RESULT,4096,fused_fp16acc_fp32io,32x16x16/w4/occ2/smem39936/kernel_legacy,1.88433,6.205e-04
RESULT,4096,fused_fp16acc_bf16io,32x16x16/w4/occ2/smem39936/kernel_legacy,1.59511,2.421e-03
RESULT,4096,fused_fp32io,32x16x16/w4/occ2/smem41984/kernel_cached,1.96346,4.284e-04
RESULT,4096,fused_bf16io,32x16x16/w4/occ2/smem41984/kernel_cached,1.73748,2.379e-03
RESULT,4096,fused_fp16acc_fp32io,32x16x16/w4/occ2/smem39936/kernel_cached,1.94418,6.205e-04
RESULT,4096,fused_fp16acc_bf16io,32x16x16/w4/occ2/smem39936/kernel_cached,1.58150,2.421e-03
RESULT,4096,fused_fp32io,16x32x16/w4/occ2/smem41984/kernel_legacy,2.07509,4.261e-04
RESULT,4096,fused_bf16io,16x32x16/w4/occ2/smem41984/kernel_legacy,1.99531,2.378e-03
RESULT,4096,fused_fp16acc_fp32io,16x32x16/w4/occ2/smem39936/kernel_legacy,1.91861,6.169e-04
RESULT,4096,fused_fp16acc_bf16io,16x32x16/w4/occ2/smem39936/kernel_legacy,1.82723,2.438e-03
RESULT,4096,fused_fp32io,16x32x16/w4/occ2/smem41984/kernel_cached,2.10812,4.261e-04
RESULT,4096,fused_bf16io,16x32x16/w4/occ2/smem41984/kernel_cached,2.06361,2.378e-03
RESULT,4096,fused_fp16acc_fp32io,16x32x16/w4/occ2/smem39936/kernel_cached,2.06654,6.169e-04
RESULT,4096,fused_fp16acc_bf16io,16x32x16/w4/occ2/smem39936/kernel_cached,1.89887,2.438e-03
RESULT,4096,fused_fp32io,16x16x32/w4/occ2/smem41984/kernel_legacy,2.19346,4.252e-04
RESULT,4096,fused_bf16io,16x16x32/w4/occ2/smem41984/kernel_legacy,2.17756,2.378e-03
RESULT,4096,fused_fp16acc_fp32io,16x16x32/w4/occ2/smem39936/kernel_legacy,1.93366,6.150e-04
RESULT,4096,fused_fp16acc_bf16io,16x16x32/w4/occ2/smem39936/kernel_legacy,1.87170,2.438e-03
RESULT,4096,fused_fp32io,16x16x32/w4/occ2/smem41984/kernel_cached,2.24145,4.252e-04
RESULT,4096,fused_bf16io,16x16x32/w4/occ2/smem41984/kernel_cached,2.18060,2.378e-03
RESULT,4096,fused_fp16acc_fp32io,16x16x32/w4/occ2/smem39936/kernel_cached,1.97948,6.150e-04
RESULT,4096,fused_fp16acc_bf16io,16x16x32/w4/occ2/smem39936/kernel_cached,1.87332,2.438e-03
RESULT,4096,fused_fp32io,32x16x16/w8/occ2/smem46080/kernel_legacy,1.85844,4.284e-04
RESULT,4096,fused_bf16io,32x16x16/w8/occ2/smem46080/kernel_legacy,1.45089,2.379e-03
RESULT,4096,fused_fp16acc_fp32io,32x16x16/w8/occ2/smem41984/kernel_legacy,1.98642,6.205e-04
RESULT,4096,fused_fp16acc_bf16io,32x16x16/w8/occ2/smem41984/kernel_legacy,1.16930,2.421e-03
RESULT,4096,fused_fp32io,32x16x16/w8/occ2/smem46080/kernel_cached,1.96460,4.284e-04
RESULT,4096,fused_bf16io,32x16x16/w8/occ2/smem46080/kernel_cached,1.44101,2.379e-03
RESULT,4096,fused_fp16acc_fp32io,32x16x16/w8/occ2/smem41984/kernel_cached,1.96534,6.205e-04
RESULT,4096,fused_fp16acc_bf16io,32x16x16/w8/occ2/smem41984/kernel_cached,1.15405,2.421e-03
RESULT,4096,fused_fp32io,16x16x32/w8/occ2/smem46080/kernel_legacy,1.92296,4.252e-04
RESULT,4096,fused_bf16io,16x16x32/w8/occ2/smem46080/kernel_legacy,2.01006,2.378e-03
RESULT,4096,fused_fp16acc_fp32io,16x16x32/w8/occ2/smem41984/kernel_legacy,1.81256,6.150e-04
RESULT,4096,fused_fp16acc_bf16io,16x16x32/w8/occ2/smem41984/kernel_legacy,1.44092,2.438e-03
RESULT,4096,fused_fp32io,16x16x32/w8/occ2/smem46080/kernel_cached,1.94697,4.252e-04
RESULT,4096,fused_bf16io,16x16x32/w8/occ2/smem46080/kernel_cached,1.93109,2.378e-03
RESULT,4096,fused_fp16acc_fp32io,16x16x32/w8/occ2/smem41984/kernel_cached,1.79934,6.150e-04
RESULT,4096,fused_fp16acc_bf16io,16x16x32/w8/occ2/smem41984/kernel_cached,1.36360,2.438e-03
SELECT,4096,fused_fp16acc_bf16io,32x16x16/w8/occ2/smem41984/kernel_cached,1.15405,2.421442903e-03,1.000000000e-02,bf16
MEMORY,4096,hybrid,1132604416,0,197.015,87040,0,0.034,723.559
RESULT,8192,cufft_pipeline_fp32,-,16.03885,3.684e-07
RESULT,8192,cufft_core_fp32,-,11.91402,3.684e-07
RESULT,8192,fused_fp32io,32x32x16/w4/occ1/smem74752/kernel_legacy,5.45990,3.972e-04
RESULT,8192,fused_bf16io,32x32x16/w4/occ1/smem74752/kernel_legacy,4.91853,2.373e-03
RESULT,8192,fused_fp16acc_fp32io,32x32x16/w4/occ1/smem72704/kernel_legacy,5.46976,6.199e-04
RESULT,8192,fused_fp16acc_bf16io,32x32x16/w4/occ1/smem72704/kernel_legacy,4.81859,2.420e-03
RESULT,8192,fused_fp32io,32x32x16/w4/occ1/smem74752/kernel_cached,5.40750,3.972e-04
RESULT,8192,fused_bf16io,32x32x16/w4/occ1/smem74752/kernel_cached,4.91971,2.373e-03
RESULT,8192,fused_fp16acc_fp32io,32x32x16/w4/occ1/smem72704/kernel_cached,5.44612,6.199e-04
RESULT,8192,fused_fp16acc_bf16io,32x32x16/w4/occ1/smem72704/kernel_cached,4.71115,2.420e-03
RESULT,8192,fused_fp32io,16x32x32/w4/occ1/smem74752/kernel_legacy,5.63885,3.944e-04
RESULT,8192,fused_bf16io,16x32x32/w4/occ1/smem74752/kernel_legacy,5.56069,2.372e-03
RESULT,8192,fused_fp16acc_fp32io,16x32x32/w4/occ1/smem72704/kernel_legacy,5.81863,6.140e-04
RESULT,8192,fused_fp16acc_bf16io,16x32x32/w4/occ1/smem72704/kernel_legacy,5.09107,2.436e-03
RESULT,8192,fused_fp32io,16x32x32/w4/occ1/smem74752/kernel_cached,5.64228,3.944e-04
RESULT,8192,fused_bf16io,16x32x32/w4/occ1/smem74752/kernel_cached,5.65683,2.372e-03
RESULT,8192,fused_fp16acc_fp32io,16x32x32/w4/occ1/smem72704/kernel_cached,5.77858,6.140e-04
RESULT,8192,fused_fp16acc_bf16io,16x32x32/w4/occ1/smem72704/kernel_cached,5.06696,2.436e-03
RESULT,8192,fused_fp32io,64x16x16/w4/occ1/smem87040/kernel_legacy,5.96861,4.271e-04
RESULT,8192,fused_bf16io,64x16x16/w4/occ1/smem87040/kernel_legacy,5.12369,2.378e-03
RESULT,8192,fused_fp16acc_fp32io,64x16x16/w4/occ1/smem84992/kernel_legacy,5.61623,6.794e-04
RESULT,8192,fused_fp16acc_bf16io,64x16x16/w4/occ1/smem84992/kernel_legacy,4.76600,2.454e-03
RESULT,8192,fused_fp32io,64x16x16/w4/occ1/smem87040/kernel_cached,5.99376,4.271e-04
RESULT,8192,fused_bf16io,64x16x16/w4/occ1/smem87040/kernel_cached,5.14273,2.378e-03
RESULT,8192,fused_fp16acc_fp32io,64x16x16/w4/occ1/smem84992/kernel_cached,5.62263,6.794e-04
RESULT,8192,fused_fp16acc_bf16io,64x16x16/w4/occ1/smem84992/kernel_cached,4.86299,2.454e-03
RESULT,8192,fused_fp32io,32x32x16/w8/occ1/smem78848/kernel_legacy,4.72197,3.972e-04
RESULT,8192,fused_bf16io,32x32x16/w8/occ1/smem78848/kernel_legacy,4.08931,2.373e-03
RESULT,8192,fused_fp16acc_fp32io,32x32x16/w8/occ1/smem74752/kernel_legacy,4.85315,6.199e-04
RESULT,8192,fused_fp16acc_bf16io,32x32x16/w8/occ1/smem74752/kernel_legacy,3.66461,2.420e-03
RESULT,8192,fused_fp32io,32x32x16/w8/occ1/smem78848/kernel_cached,4.68137,3.972e-04
RESULT,8192,fused_bf16io,32x32x16/w8/occ1/smem78848/kernel_cached,4.06249,2.373e-03
RESULT,8192,fused_fp16acc_fp32io,32x32x16/w8/occ1/smem74752/kernel_cached,4.73157,6.199e-04
RESULT,8192,fused_fp16acc_bf16io,32x32x16/w8/occ1/smem74752/kernel_cached,3.69121,2.420e-03
RESULT,8192,fused_fp32io,16x32x32/w8/occ1/smem78848/kernel_legacy,5.25911,3.944e-04
RESULT,8192,fused_bf16io,16x32x32/w8/occ1/smem78848/kernel_legacy,4.91365,2.372e-03
RESULT,8192,fused_fp16acc_fp32io,16x32x32/w8/occ1/smem74752/kernel_legacy,4.92777,6.140e-04
RESULT,8192,fused_fp16acc_bf16io,16x32x32/w8/occ1/smem74752/kernel_legacy,4.27445,2.436e-03
RESULT,8192,fused_fp32io,16x32x32/w8/occ1/smem78848/kernel_cached,5.26069,3.944e-04
RESULT,8192,fused_bf16io,16x32x32/w8/occ1/smem78848/kernel_cached,4.91038,2.372e-03
RESULT,8192,fused_fp16acc_fp32io,16x32x32/w8/occ1/smem74752/kernel_cached,4.95602,6.140e-04
RESULT,8192,fused_fp16acc_bf16io,16x32x32/w8/occ1/smem74752/kernel_cached,4.25974,2.436e-03
RESULT,8192,fused_fp32io,16x16x64/w8/occ1/smem91136/kernel_legacy,6.73704,4.258e-04
RESULT,8192,fused_bf16io,16x16x64/w8/occ1/smem91136/kernel_legacy,6.27824,2.378e-03
RESULT,8192,fused_fp16acc_fp32io,16x16x64/w8/occ1/smem87040/kernel_legacy,6.29242,6.463e-04
RESULT,8192,fused_fp16acc_bf16io,16x16x64/w8/occ1/smem87040/kernel_legacy,5.70144,2.445e-03
RESULT,8192,fused_fp32io,16x16x64/w8/occ1/smem91136/kernel_cached,6.74236,4.258e-04
RESULT,8192,fused_bf16io,16x16x64/w8/occ1/smem91136/kernel_cached,6.35500,2.378e-03
RESULT,8192,fused_fp16acc_fp32io,16x16x64/w8/occ1/smem87040/kernel_cached,6.37055,6.463e-04
RESULT,8192,fused_fp16acc_bf16io,16x16x64/w8/occ1/smem87040/kernel_cached,5.78633,2.445e-03
SELECT,8192,fused_fp16acc_bf16io,32x32x16/w8/occ1/smem74752/kernel_legacy,3.66461,2.420119196e-03,1.000000000e-02,bf16
MEMORY,8192,hybrid,2265132032,0,385.649,152576,0,0.051,1442.559
RUN,optimized,2,device,auto,9605cb2a0130671ecdb98bae79ac598e28bf2d6b
# MEMORY_CAPS,mapped=1,managed=1,concurrent_managed=1,pageable=1,host_page_tables=1,integrated=1
# NVIDIA GB10 sm_121 48 SMs, smem/block 101376, L2 24 MB, B=8 H=768
# calibration seed=88172645463325252, input_scale=1.000000000e+00, max_error=1.000000000e-02, io=bf16,allocator=device,kernel=auto
RESULT,128,cufft_pipeline_fp32,-,0.14228,2.401e-07
RESULT,128,cufft_core_fp32,-,0.07847,2.401e-07
RESULT,128,fused_fp32io,16x16/w4/occ10/smem6144/kernel_legacy,0.03197,3.814e-04
RESULT,128,fused_bf16io,16x16/w4/occ10/smem6144/kernel_legacy,0.03073,2.367e-03
RESULT,128,fused_fp16acc_fp32io,16x16/w4/occ12/smem4096/kernel_legacy,0.02708,5.244e-04
RESULT,128,fused_fp16acc_bf16io,16x16/w4/occ12/smem4096/kernel_legacy,0.02646,2.415e-03
RESULT,128,fused_fp32io,16x16/w4/occ10/smem6144/kernel_cached,0.03073,3.814e-04
RESULT,128,fused_bf16io,16x16/w4/occ10/smem6144/kernel_cached,0.03275,2.367e-03
RESULT,128,fused_fp16acc_fp32io,16x16/w4/occ12/smem4096/kernel_cached,0.02458,5.244e-04
RESULT,128,fused_fp16acc_bf16io,16x16/w4/occ12/smem4096/kernel_cached,0.02435,2.415e-03
RESULT,128,fused_fp32io,16x16/w8/occ5/smem10240/kernel_legacy,0.04304,3.814e-04
RESULT,128,fused_bf16io,16x16/w8/occ5/smem10240/kernel_legacy,0.04520,2.367e-03
RESULT,128,fused_fp16acc_fp32io,16x16/w8/occ6/smem6144/kernel_legacy,0.03664,5.244e-04
RESULT,128,fused_fp16acc_bf16io,16x16/w8/occ6/smem6144/kernel_legacy,0.03681,2.415e-03
RESULT,128,fused_fp32io,16x16/w8/occ5/smem10240/kernel_cached,0.04098,3.814e-04
RESULT,128,fused_bf16io,16x16/w8/occ5/smem10240/kernel_cached,0.04098,2.367e-03
RESULT,128,fused_fp16acc_fp32io,16x16/w8/occ6/smem6144/kernel_cached,0.03278,5.244e-04
RESULT,128,fused_fp16acc_bf16io,16x16/w8/occ6/smem6144/kernel_cached,0.03285,2.415e-03
SELECT,128,fused_fp16acc_bf16io,16x16/w4/occ12/smem4096/kernel_cached,0.02435,2.414541959e-03,1.000000000e-02,bf16
MEMORY,128,device,35468288,6291456,182.885,4742144,40894464,4.911,210.258
RESULT,256,cufft_pipeline_fp32,-,0.32751,2.335e-07
RESULT,256,cufft_core_fp32,-,0.25491,2.335e-07
RESULT,256,fused_fp32io,32x16/w4/occ8/smem11264/kernel_legacy,0.06560,3.520e-04
RESULT,256,fused_bf16io,32x16/w4/occ8/smem11264/kernel_legacy,0.06862,2.371e-03
RESULT,256,fused_fp16acc_fp32io,32x16/w4/occ10/smem9216/kernel_legacy,0.05667,5.324e-04
RESULT,256,fused_fp16acc_bf16io,32x16/w4/occ10/smem9216/kernel_legacy,0.05548,2.404e-03
RESULT,256,fused_fp32io,32x16/w4/occ8/smem11264/kernel_cached,0.06283,3.520e-04
RESULT,256,fused_bf16io,32x16/w4/occ8/smem11264/kernel_cached,0.05941,2.371e-03
RESULT,256,fused_fp16acc_fp32io,32x16/w4/occ10/smem9216/kernel_cached,0.04733,5.324e-04
RESULT,256,fused_fp16acc_bf16io,32x16/w4/occ10/smem9216/kernel_cached,0.04899,2.404e-03
RESULT,256,fused_fp32io,16x32/w4/occ8/smem11264/kernel_legacy,0.08216,3.457e-04
RESULT,256,fused_bf16io,16x32/w4/occ8/smem11264/kernel_legacy,0.08005,2.369e-03
RESULT,256,fused_fp16acc_fp32io,16x32/w4/occ9/smem9216/kernel_legacy,0.07423,5.220e-04
RESULT,256,fused_fp16acc_bf16io,16x32/w4/occ9/smem9216/kernel_legacy,0.06963,2.419e-03
RESULT,256,fused_fp32io,16x32/w4/occ8/smem11264/kernel_cached,0.08130,3.457e-04
RESULT,256,fused_bf16io,16x32/w4/occ8/smem11264/kernel_cached,0.08300,2.369e-03
RESULT,256,fused_fp16acc_fp32io,16x32/w4/occ9/smem9216/kernel_cached,0.06558,5.220e-04
RESULT,256,fused_fp16acc_bf16io,16x32/w4/occ9/smem9216/kernel_cached,0.06350,2.419e-03
RESULT,256,fused_fp32io,32x16/w8/occ5/smem15360/kernel_legacy,0.07718,3.520e-04
RESULT,256,fused_bf16io,32x16/w8/occ5/smem15360/kernel_legacy,0.07171,2.371e-03
RESULT,256,fused_fp16acc_fp32io,32x16/w8/occ6/smem11264/kernel_legacy,0.06354,5.324e-04
RESULT,256,fused_fp16acc_bf16io,32x16/w8/occ6/smem11264/kernel_legacy,0.06649,2.404e-03
RESULT,256,fused_fp32io,32x16/w8/occ5/smem15360/kernel_cached,0.06731,3.520e-04
RESULT,256,fused_bf16io,32x16/w8/occ5/smem15360/kernel_cached,0.06553,2.371e-03
RESULT,256,fused_fp16acc_fp32io,32x16/w8/occ6/smem11264/kernel_cached,0.05756,5.324e-04
RESULT,256,fused_fp16acc_bf16io,32x16/w8/occ6/smem11264/kernel_cached,0.05263,2.404e-03
SELECT,256,fused_fp16acc_bf16io,32x16/w4/occ10/smem9216/kernel_cached,0.04899,2.403527438e-03,1.000000000e-02,bf16
MEMORY,256,device,70859776,12582912,3.093,9462784,119537664,2.484,37.297
RESULT,512,cufft_pipeline_fp32,-,0.91067,3.433e-07
RESULT,512,cufft_core_fp32,-,0.67027,3.433e-07
RESULT,512,fused_fp32io,32x32/w4/occ7/smem12288/kernel_legacy,0.18852,3.344e-04
RESULT,512,fused_bf16io,32x32/w4/occ7/smem12288/kernel_legacy,0.14132,2.363e-03
RESULT,512,fused_fp16acc_fp32io,32x32/w4/occ9/smem10240/kernel_legacy,0.16964,5.420e-04
RESULT,512,fused_fp16acc_bf16io,32x32/w4/occ9/smem10240/kernel_legacy,0.11689,2.402e-03
RESULT,512,fused_fp32io,32x32/w4/occ7/smem12288/kernel_cached,0.18853,3.344e-04
RESULT,512,fused_bf16io,32x32/w4/occ7/smem12288/kernel_cached,0.14780,2.363e-03
RESULT,512,fused_fp16acc_fp32io,32x32/w4/occ9/smem10240/kernel_cached,0.16682,5.420e-04
RESULT,512,fused_fp16acc_bf16io,32x32/w4/occ9/smem10240/kernel_cached,0.11653,2.402e-03
RESULT,512,fused_fp32io,32x32/w8/occ4/smem16384/kernel_legacy,0.20437,3.344e-04
RESULT,512,fused_bf16io,32x32/w8/occ4/smem16384/kernel_legacy,0.14755,2.363e-03
RESULT,512,fused_fp16acc_fp32io,32x32/w8/occ4/smem12288/kernel_legacy,0.21313,5.420e-04
RESULT,512,fused_fp16acc_bf16io,32x32/w8/occ4/smem12288/kernel_legacy,0.13517,2.402e-03
RESULT,512,fused_fp32io,32x32/w8/occ4/smem16384/kernel_cached,0.19844,3.344e-04
RESULT,512,fused_bf16io,32x32/w8/occ4/smem16384/kernel_cached,0.14535,2.363e-03
RESULT,512,fused_fp16acc_fp32io,32x32/w8/occ4/smem12288/kernel_cached,0.21576,5.420e-04
RESULT,512,fused_fp16acc_bf16io,32x32/w8/occ4/smem12288/kernel_cached,0.12703,2.402e-03
RESULT,512,fused_fp32io,64x16/w4/occ3/smem25600/kernel_legacy,0.28210,3.522e-04
RESULT,512,fused_bf16io,64x16/w4/occ3/smem25600/kernel_legacy,0.24155,2.365e-03
RESULT,512,fused_fp16acc_fp32io,64x16/w4/occ4/smem23552/kernel_legacy,0.21232,5.993e-04
RESULT,512,fused_fp16acc_bf16io,64x16/w4/occ4/smem23552/kernel_legacy,0.18975,2.433e-03
RESULT,512,fused_fp32io,64x16/w4/occ3/smem25600/kernel_cached,0.23600,3.522e-04
RESULT,512,fused_bf16io,64x16/w4/occ3/smem25600/kernel_cached,0.21714,2.365e-03
RESULT,512,fused_fp16acc_fp32io,64x16/w4/occ4/smem23552/kernel_cached,0.18982,5.993e-04
RESULT,512,fused_fp16acc_bf16io,64x16/w4/occ4/smem23552/kernel_cached,0.17676,2.433e-03
RESULT,512,fused_fp32io,16x64/w4/occ3/smem25600/kernel_legacy,0.42022,3.468e-04
RESULT,512,fused_bf16io,16x64/w4/occ3/smem25600/kernel_legacy,0.38399,2.365e-03
RESULT,512,fused_fp16acc_fp32io,16x64/w4/occ4/smem23552/kernel_legacy,0.33052,5.597e-04
RESULT,512,fused_fp16acc_bf16io,16x64/w4/occ4/smem23552/kernel_legacy,0.29822,2.424e-03
RESULT,512,fused_fp32io,16x64/w4/occ3/smem25600/kernel_cached,0.39843,3.468e-04
RESULT,512,fused_bf16io,16x64/w4/occ3/smem25600/kernel_cached,0.34826,2.365e-03
RESULT,512,fused_fp16acc_fp32io,16x64/w4/occ4/smem23552/kernel_cached,0.31322,5.597e-04
RESULT,512,fused_fp16acc_bf16io,16x64/w4/occ4/smem23552/kernel_cached,0.27683,2.424e-03
SELECT,512,fused_fp16acc_bf16io,32x32/w4/occ9/smem10240/kernel_cached,0.11653,2.401751558e-03,1.000000000e-02,bf16
MEMORY,512,device,141642752,25165824,5.615,18904064,314572800,9.604,78.969
RESULT,1024,cufft_pipeline_fp32,-,1.86155,2.733e-07
RESULT,1024,cufft_core_fp32,-,1.35522,2.733e-07
RESULT,1024,fused_fp32io,64x32/w4/occ3/smem32768/kernel_legacy,0.46614,3.355e-04
RESULT,1024,fused_bf16io,64x32/w4/occ3/smem32768/kernel_legacy,0.44298,2.363e-03
RESULT,1024,fused_fp16acc_fp32io,64x32/w4/occ3/smem30720/kernel_legacy,0.47031,6.085e-04
RESULT,1024,fused_fp16acc_bf16io,64x32/w4/occ3/smem30720/kernel_legacy,0.40237,2.435e-03
RESULT,1024,fused_fp32io,64x32/w4/occ3/smem32768/kernel_cached,0.44439,3.355e-04
RESULT,1024,fused_bf16io,64x32/w4/occ3/smem32768/kernel_cached,0.44370,2.363e-03
RESULT,1024,fused_fp16acc_fp32io,64x32/w4/occ3/smem30720/kernel_cached,0.45621,6.085e-04
RESULT,1024,fused_fp16acc_bf16io,64x32/w4/occ3/smem30720/kernel_cached,0.38602,2.435e-03
RESULT,1024,fused_fp32io,32x64/w4/occ3/smem32768/kernel_legacy,0.62030,3.371e-04
RESULT,1024,fused_bf16io,32x64/w4/occ3/smem32768/kernel_legacy,0.62654,2.364e-03
RESULT,1024,fused_fp16acc_fp32io,32x64/w4/occ3/smem30720/kernel_legacy,0.58224,5.783e-04
RESULT,1024,fused_fp16acc_bf16io,32x64/w4/occ3/smem30720/kernel_legacy,0.59141,2.410e-03
RESULT,1024,fused_fp32io,32x64/w4/occ3/smem32768/kernel_cached,0.62719,3.371e-04
RESULT,1024,fused_bf16io,32x64/w4/occ3/smem32768/kernel_cached,0.56753,2.364e-03
RESULT,1024,fused_fp16acc_fp32io,32x64/w4/occ3/smem30720/kernel_cached,0.56251,5.783e-04
RESULT,1024,fused_fp16acc_bf16io,32x64/w4/occ3/smem30720/kernel_cached,0.53892,2.410e-03
RESULT,1024,fused_fp32io,64x32/w8/occ2/smem36864/kernel_legacy,0.52230,3.355e-04
RESULT,1024,fused_bf16io,64x32/w8/occ2/smem36864/kernel_legacy,0.52149,2.363e-03
RESULT,1024,fused_fp16acc_fp32io,64x32/w8/occ3/smem32768/kernel_legacy,0.43436,6.085e-04
RESULT,1024,fused_fp16acc_bf16io,64x32/w8/occ3/smem32768/kernel_legacy,0.39261,2.435e-03
RESULT,1024,fused_fp32io,64x32/w8/occ2/smem36864/kernel_cached,0.49093,3.355e-04
RESULT,1024,fused_bf16io,64x32/w8/occ2/smem36864/kernel_cached,0.47051,2.363e-03
RESULT,1024,fused_fp16acc_fp32io,64x32/w8/occ3/smem32768/kernel_cached,0.40880,6.085e-04
RESULT,1024,fused_fp16acc_bf16io,64x32/w8/occ3/smem32768/kernel_cached,0.37572,2.435e-03
RESULT,1024,fused_fp32io,32x64/w8/occ2/smem36864/kernel_legacy,0.71462,3.371e-04
RESULT,1024,fused_bf16io,32x64/w8/occ2/smem36864/kernel_legacy,0.68451,2.364e-03
RESULT,1024,fused_fp16acc_fp32io,32x64/w8/occ3/smem32768/kernel_legacy,0.57473,5.783e-04
RESULT,1024,fused_fp16acc_bf16io,32x64/w8/occ3/smem32768/kernel_legacy,0.52092,2.410e-03
RESULT,1024,fused_fp32io,32x64/w8/occ2/smem36864/kernel_cached,0.64950,3.371e-04
RESULT,1024,fused_bf16io,32x64/w8/occ2/smem36864/kernel_cached,0.65987,2.364e-03
RESULT,1024,fused_fp16acc_fp32io,32x64/w8/occ3/smem32768/kernel_cached,0.57744,5.783e-04
RESULT,1024,fused_fp16acc_bf16io,32x64/w8/occ3/smem32768/kernel_cached,0.49161,2.410e-03
SELECT,1024,fused_fp16acc_bf16io,64x32/w8/occ3/smem32768/kernel_cached,0.37572,2.435428487e-03,1.000000000e-02,bf16
MEMORY,1024,device,283208704,50331648,10.616,37786624,629145600,16.658,151.597
RESULT,2048,cufft_pipeline_fp32,-,4.07288,2.957e-07
RESULT,2048,cufft_core_fp32,-,3.06961,2.957e-07
RESULT,2048,fused_fp32io,16x16x16/w4/occ4/smem21504/kernel_legacy,0.72294,4.697e-04
RESULT,2048,fused_bf16io,16x16x16/w4/occ4/smem21504/kernel_legacy,0.63468,2.386e-03
RESULT,2048,fused_fp16acc_fp32io,16x16x16/w4/occ5/smem19456/kernel_legacy,0.67334,6.275e-04
RESULT,2048,fused_fp16acc_bf16io,16x16x16/w4/occ5/smem19456/kernel_legacy,0.47472,2.440e-03
RESULT,2048,fused_fp32io,16x16x16/w4/occ4/smem21504/kernel_cached,0.72427,4.697e-04
RESULT,2048,fused_bf16io,16x16x16/w4/occ4/smem21504/kernel_cached,0.67068,2.386e-03
RESULT,2048,fused_fp16acc_fp32io,16x16x16/w4/occ5/smem19456/kernel_cached,0.66668,6.275e-04
RESULT,2048,fused_fp16acc_bf16io,16x16x16/w4/occ5/smem19456/kernel_cached,0.48393,2.440e-03
RESULT,2048,fused_fp32io,16x16x16/w8/occ3/smem25600/kernel_legacy,0.68409,4.697e-04
RESULT,2048,fused_bf16io,16x16x16/w8/occ3/smem25600/kernel_legacy,0.63596,2.386e-03
RESULT,2048,fused_fp16acc_fp32io,16x16x16/w8/occ4/smem21504/kernel_legacy,0.62016,6.275e-04
RESULT,2048,fused_fp16acc_bf16io,16x16x16/w8/occ4/smem21504/kernel_legacy,0.54291,2.440e-03
RESULT,2048,fused_fp32io,16x16x16/w8/occ3/smem25600/kernel_cached,0.68006,4.697e-04
RESULT,2048,fused_bf16io,16x16x16/w8/occ3/smem25600/kernel_cached,0.63806,2.386e-03
RESULT,2048,fused_fp16acc_fp32io,16x16x16/w8/occ4/smem21504/kernel_cached,0.61643,6.275e-04
RESULT,2048,fused_fp16acc_bf16io,16x16x16/w8/occ4/smem21504/kernel_cached,0.55138,2.440e-03
RESULT,2048,fused_fp32io,64x64/w8/occ2/smem40960/kernel_legacy,1.21870,3.381e-04
RESULT,2048,fused_bf16io,64x64/w8/occ2/smem40960/kernel_legacy,1.23956,2.363e-03
RESULT,2048,fused_fp16acc_fp32io,64x64/w8/occ2/smem36864/kernel_legacy,1.17575,6.417e-04
RESULT,2048,fused_fp16acc_bf16io,64x64/w8/occ2/smem36864/kernel_legacy,1.08813,2.443e-03
RESULT,2048,fused_fp32io,64x64/w8/occ2/smem40960/kernel_cached,1.25752,3.381e-04
RESULT,2048,fused_bf16io,64x64/w8/occ2/smem40960/kernel_cached,1.23986,2.363e-03
RESULT,2048,fused_fp16acc_fp32io,64x64/w8/occ2/smem36864/kernel_cached,1.13454,6.417e-04
RESULT,2048,fused_fp16acc_bf16io,64x64/w8/occ2/smem36864/kernel_cached,1.13675,2.443e-03
RESULT,2048,fused_fp32io,64x64/w4/occ2/smem36864/kernel_legacy,1.24847,3.381e-04
RESULT,2048,fused_bf16io,64x64/w4/occ2/smem36864/kernel_legacy,1.23140,2.363e-03
RESULT,2048,fused_fp16acc_fp32io,64x64/w4/occ2/smem34816/kernel_legacy,1.21920,6.417e-04
RESULT,2048,fused_fp16acc_bf16io,64x64/w4/occ2/smem34816/kernel_legacy,1.16696,2.443e-03
RESULT,2048,fused_fp32io,64x64/w4/occ2/smem36864/kernel_cached,1.22059,3.381e-04
RESULT,2048,fused_bf16io,64x64/w4/occ2/smem36864/kernel_cached,1.24150,2.363e-03
RESULT,2048,fused_fp16acc_fp32io,64x64/w4/occ2/smem34816/kernel_cached,1.16997,6.417e-04
RESULT,2048,fused_fp16acc_bf16io,64x64/w4/occ2/smem34816/kernel_cached,1.10877,2.443e-03
SELECT,2048,fused_fp16acc_bf16io,16x16x16/w4/occ5/smem19456/kernel_legacy,0.47472,2.439660081e-03,1.000000000e-02,bf16
MEMORY,2048,device,566340608,100663296,20.579,75551744,1258291200,24.332,305.843
RESULT,4096,cufft_pipeline_fp32,-,8.14018,3.081e-07
RESULT,4096,cufft_core_fp32,-,6.04195,3.081e-07
RESULT,4096,fused_fp32io,32x16x16/w4/occ2/smem41984/kernel_legacy,1.64577,4.284e-04
RESULT,4096,fused_bf16io,32x16x16/w4/occ2/smem41984/kernel_legacy,1.48004,2.379e-03
RESULT,4096,fused_fp16acc_fp32io,32x16x16/w4/occ2/smem39936/kernel_legacy,1.54688,6.205e-04
RESULT,4096,fused_fp16acc_bf16io,32x16x16/w4/occ2/smem39936/kernel_legacy,1.33620,2.421e-03
RESULT,4096,fused_fp32io,32x16x16/w4/occ2/smem41984/kernel_cached,1.51396,4.284e-04
RESULT,4096,fused_bf16io,32x16x16/w4/occ2/smem41984/kernel_cached,1.39916,2.379e-03
RESULT,4096,fused_fp16acc_fp32io,32x16x16/w4/occ2/smem39936/kernel_cached,1.54527,6.205e-04
RESULT,4096,fused_fp16acc_bf16io,32x16x16/w4/occ2/smem39936/kernel_cached,1.30280,2.421e-03
RESULT,4096,fused_fp32io,16x32x16/w4/occ2/smem41984/kernel_legacy,1.70346,4.261e-04
RESULT,4096,fused_bf16io,16x32x16/w4/occ2/smem41984/kernel_legacy,1.55489,2.378e-03
RESULT,4096,fused_fp16acc_fp32io,16x32x16/w4/occ2/smem39936/kernel_legacy,1.51785,6.169e-04
RESULT,4096,fused_fp16acc_bf16io,16x32x16/w4/occ2/smem39936/kernel_legacy,1.32050,2.438e-03
RESULT,4096,fused_fp32io,16x32x16/w4/occ2/smem41984/kernel_cached,1.75180,4.261e-04
RESULT,4096,fused_bf16io,16x32x16/w4/occ2/smem41984/kernel_cached,1.57310,2.378e-03
RESULT,4096,fused_fp16acc_fp32io,16x32x16/w4/occ2/smem39936/kernel_cached,1.60974,6.169e-04
RESULT,4096,fused_fp16acc_bf16io,16x32x16/w4/occ2/smem39936/kernel_cached,1.37762,2.438e-03
RESULT,4096,fused_fp32io,16x16x32/w4/occ2/smem41984/kernel_legacy,1.96492,4.252e-04
RESULT,4096,fused_bf16io,16x16x32/w4/occ2/smem41984/kernel_legacy,1.72172,2.378e-03
RESULT,4096,fused_fp16acc_fp32io,16x16x32/w4/occ2/smem39936/kernel_legacy,1.62953,6.150e-04
RESULT,4096,fused_fp16acc_bf16io,16x16x32/w4/occ2/smem39936/kernel_legacy,1.46903,2.438e-03
RESULT,4096,fused_fp32io,16x16x32/w4/occ2/smem41984/kernel_cached,1.94974,4.252e-04
RESULT,4096,fused_bf16io,16x16x32/w4/occ2/smem41984/kernel_cached,1.75307,2.378e-03
RESULT,4096,fused_fp16acc_fp32io,16x16x32/w4/occ2/smem39936/kernel_cached,1.67892,6.150e-04
RESULT,4096,fused_fp16acc_bf16io,16x16x32/w4/occ2/smem39936/kernel_cached,1.39929,2.438e-03
RESULT,4096,fused_fp32io,32x16x16/w8/occ2/smem46080/kernel_legacy,1.47342,4.284e-04
RESULT,4096,fused_bf16io,32x16x16/w8/occ2/smem46080/kernel_legacy,1.38010,2.379e-03
RESULT,4096,fused_fp16acc_fp32io,32x16x16/w8/occ2/smem41984/kernel_legacy,1.39133,6.205e-04
RESULT,4096,fused_fp16acc_bf16io,32x16x16/w8/occ2/smem41984/kernel_legacy,1.06772,2.421e-03
RESULT,4096,fused_fp32io,32x16x16/w8/occ2/smem46080/kernel_cached,1.43514,4.284e-04
RESULT,4096,fused_bf16io,32x16x16/w8/occ2/smem46080/kernel_cached,1.38342,2.379e-03
RESULT,4096,fused_fp16acc_fp32io,32x16x16/w8/occ2/smem41984/kernel_cached,1.31580,6.205e-04
RESULT,4096,fused_fp16acc_bf16io,32x16x16/w8/occ2/smem41984/kernel_cached,1.09609,2.421e-03
RESULT,4096,fused_fp32io,16x16x32/w8/occ2/smem46080/kernel_legacy,1.65225,4.252e-04
RESULT,4096,fused_bf16io,16x16x32/w8/occ2/smem46080/kernel_legacy,1.63362,2.378e-03
RESULT,4096,fused_fp16acc_fp32io,16x16x32/w8/occ2/smem41984/kernel_legacy,1.52926,6.150e-04
RESULT,4096,fused_fp16acc_bf16io,16x16x32/w8/occ2/smem41984/kernel_legacy,1.35979,2.438e-03
RESULT,4096,fused_fp32io,16x16x32/w8/occ2/smem46080/kernel_cached,1.71065,4.252e-04
RESULT,4096,fused_bf16io,16x16x32/w8/occ2/smem46080/kernel_cached,1.66232,2.378e-03
RESULT,4096,fused_fp16acc_fp32io,16x16x32/w8/occ2/smem41984/kernel_cached,1.51432,6.150e-04
RESULT,4096,fused_fp16acc_bf16io,16x16x32/w8/occ2/smem41984/kernel_cached,1.30466,2.438e-03
SELECT,4096,fused_fp16acc_bf16io,32x16x16/w8/occ2/smem41984/kernel_legacy,1.06772,2.421442903e-03,1.000000000e-02,bf16
MEMORY,4096,device,1132604416,201326592,38.954,151081984,3120562176,57.744,611.788
RESULT,8192,cufft_pipeline_fp32,-,16.05345,3.684e-07
RESULT,8192,cufft_core_fp32,-,11.82002,3.684e-07
RESULT,8192,fused_fp32io,32x32x16/w4/occ1/smem74752/kernel_legacy,5.00665,3.972e-04
RESULT,8192,fused_bf16io,32x32x16/w4/occ1/smem74752/kernel_legacy,4.40318,2.373e-03
RESULT,8192,fused_fp16acc_fp32io,32x32x16/w4/occ1/smem72704/kernel_legacy,5.02292,6.199e-04
RESULT,8192,fused_fp16acc_bf16io,32x32x16/w4/occ1/smem72704/kernel_legacy,4.36689,2.420e-03
RESULT,8192,fused_fp32io,32x32x16/w4/occ1/smem74752/kernel_cached,4.96402,3.972e-04
RESULT,8192,fused_bf16io,32x32x16/w4/occ1/smem74752/kernel_cached,4.40858,2.373e-03
RESULT,8192,fused_fp16acc_fp32io,32x32x16/w4/occ1/smem72704/kernel_cached,5.02441,6.199e-04
RESULT,8192,fused_fp16acc_bf16io,32x32x16/w4/occ1/smem72704/kernel_cached,4.35357,2.420e-03
RESULT,8192,fused_fp32io,16x32x32/w4/occ1/smem74752/kernel_legacy,5.36170,3.944e-04
RESULT,8192,fused_bf16io,16x32x32/w4/occ1/smem74752/kernel_legacy,4.84353,2.372e-03
RESULT,8192,fused_fp16acc_fp32io,16x32x32/w4/occ1/smem72704/kernel_legacy,5.17529,6.140e-04
RESULT,8192,fused_fp16acc_bf16io,16x32x32/w4/occ1/smem72704/kernel_legacy,4.55564,2.436e-03
RESULT,8192,fused_fp32io,16x32x32/w4/occ1/smem74752/kernel_cached,5.41068,3.944e-04
RESULT,8192,fused_bf16io,16x32x32/w4/occ1/smem74752/kernel_cached,4.75119,2.372e-03
RESULT,8192,fused_fp16acc_fp32io,16x32x32/w4/occ1/smem72704/kernel_cached,5.23248,6.140e-04
RESULT,8192,fused_fp16acc_bf16io,16x32x32/w4/occ1/smem72704/kernel_cached,4.55598,2.436e-03
RESULT,8192,fused_fp32io,64x16x16/w4/occ1/smem87040/kernel_legacy,5.41915,4.271e-04
RESULT,8192,fused_bf16io,64x16x16/w4/occ1/smem87040/kernel_legacy,5.08788,2.378e-03
RESULT,8192,fused_fp16acc_fp32io,64x16x16/w4/occ1/smem84992/kernel_legacy,5.18216,6.794e-04
RESULT,8192,fused_fp16acc_bf16io,64x16x16/w4/occ1/smem84992/kernel_legacy,4.69340,2.454e-03
RESULT,8192,fused_fp32io,64x16x16/w4/occ1/smem87040/kernel_cached,5.42813,4.271e-04
RESULT,8192,fused_bf16io,64x16x16/w4/occ1/smem87040/kernel_cached,5.02940,2.378e-03
RESULT,8192,fused_fp16acc_fp32io,64x16x16/w4/occ1/smem84992/kernel_cached,5.00605,6.794e-04
RESULT,8192,fused_fp16acc_bf16io,64x16x16/w4/occ1/smem84992/kernel_cached,4.62048,2.454e-03
RESULT,8192,fused_fp32io,32x32x16/w8/occ1/smem78848/kernel_legacy,4.07223,3.972e-04
RESULT,8192,fused_bf16io,32x32x16/w8/occ1/smem78848/kernel_legacy,3.48786,2.373e-03
RESULT,8192,fused_fp16acc_fp32io,32x32x16/w8/occ1/smem74752/kernel_legacy,3.92360,6.199e-04
RESULT,8192,fused_fp16acc_bf16io,32x32x16/w8/occ1/smem74752/kernel_legacy,3.14141,2.420e-03
RESULT,8192,fused_fp32io,32x32x16/w8/occ1/smem78848/kernel_cached,4.11165,3.972e-04
RESULT,8192,fused_bf16io,32x32x16/w8/occ1/smem78848/kernel_cached,3.40954,2.373e-03
RESULT,8192,fused_fp16acc_fp32io,32x32x16/w8/occ1/smem74752/kernel_cached,3.86684,6.199e-04
RESULT,8192,fused_fp16acc_bf16io,32x32x16/w8/occ1/smem74752/kernel_cached,3.07402,2.420e-03
RESULT,8192,fused_fp32io,16x32x32/w8/occ1/smem78848/kernel_legacy,4.61645,3.944e-04
RESULT,8192,fused_bf16io,16x32x32/w8/occ1/smem78848/kernel_legacy,4.02694,2.372e-03
RESULT,8192,fused_fp16acc_fp32io,16x32x32/w8/occ1/smem74752/kernel_legacy,3.98297,6.140e-04
RESULT,8192,fused_fp16acc_bf16io,16x32x32/w8/occ1/smem74752/kernel_legacy,3.54560,2.436e-03
RESULT,8192,fused_fp32io,16x32x32/w8/occ1/smem78848/kernel_cached,4.60181,3.944e-04
RESULT,8192,fused_bf16io,16x32x32/w8/occ1/smem78848/kernel_cached,4.04577,2.372e-03
RESULT,8192,fused_fp16acc_fp32io,16x32x32/w8/occ1/smem74752/kernel_cached,4.06119,6.140e-04
RESULT,8192,fused_fp16acc_bf16io,16x32x32/w8/occ1/smem74752/kernel_cached,3.54967,2.436e-03
RESULT,8192,fused_fp32io,16x16x64/w8/occ1/smem91136/kernel_legacy,6.07664,4.258e-04
RESULT,8192,fused_bf16io,16x16x64/w8/occ1/smem91136/kernel_legacy,5.58112,2.378e-03
RESULT,8192,fused_fp16acc_fp32io,16x16x64/w8/occ1/smem87040/kernel_legacy,5.70786,6.463e-04
RESULT,8192,fused_fp16acc_bf16io,16x16x64/w8/occ1/smem87040/kernel_legacy,5.01648,2.445e-03
RESULT,8192,fused_fp32io,16x16x64/w8/occ1/smem91136/kernel_cached,6.17123,4.258e-04
RESULT,8192,fused_bf16io,16x16x64/w8/occ1/smem91136/kernel_cached,5.56464,2.378e-03
RESULT,8192,fused_fp16acc_fp32io,16x16x64/w8/occ1/smem87040/kernel_cached,5.70974,6.463e-04
RESULT,8192,fused_fp16acc_bf16io,16x16x64/w8/occ1/smem87040/kernel_cached,4.92657,2.445e-03
SELECT,8192,fused_fp16acc_bf16io,32x32x16/w8/occ1/smem74752/kernel_cached,3.07402,2.420119196e-03,1.000000000e-02,bf16
MEMORY,8192,device,2265132032,402653184,76.191,302142464,7449083904,138.248,1218.112
RUN,optimized,3,device,auto,9605cb2a0130671ecdb98bae79ac598e28bf2d6b
# MEMORY_CAPS,mapped=1,managed=1,concurrent_managed=1,pageable=1,host_page_tables=1,integrated=1
# NVIDIA GB10 sm_121 48 SMs, smem/block 101376, L2 24 MB, B=8 H=768
# calibration seed=88172645463325252, input_scale=1.000000000e+00, max_error=1.000000000e-02, io=bf16,allocator=device,kernel=auto
RESULT,128,cufft_pipeline_fp32,-,0.14524,2.401e-07
RESULT,128,cufft_core_fp32,-,0.07158,2.401e-07
RESULT,128,fused_fp32io,16x16/w4/occ10/smem6144/kernel_legacy,0.03393,3.814e-04
RESULT,128,fused_bf16io,16x16/w4/occ10/smem6144/kernel_legacy,0.03169,2.367e-03
RESULT,128,fused_fp16acc_fp32io,16x16/w4/occ12/smem4096/kernel_legacy,0.02663,5.244e-04
RESULT,128,fused_fp16acc_bf16io,16x16/w4/occ12/smem4096/kernel_legacy,0.02596,2.415e-03
RESULT,128,fused_fp32io,16x16/w4/occ10/smem6144/kernel_cached,0.03303,3.814e-04
RESULT,128,fused_bf16io,16x16/w4/occ10/smem6144/kernel_cached,0.03072,2.367e-03
RESULT,128,fused_fp16acc_fp32io,16x16/w4/occ12/smem4096/kernel_cached,0.02458,5.244e-04
RESULT,128,fused_fp16acc_bf16io,16x16/w4/occ12/smem4096/kernel_cached,0.02422,2.415e-03
RESULT,128,fused_fp32io,16x16/w8/occ5/smem10240/kernel_legacy,0.04502,3.814e-04
RESULT,128,fused_bf16io,16x16/w8/occ5/smem10240/kernel_legacy,0.04304,2.367e-03
RESULT,128,fused_fp16acc_fp32io,16x16/w8/occ6/smem6144/kernel_legacy,0.03662,5.244e-04
RESULT,128,fused_fp16acc_bf16io,16x16/w8/occ6/smem6144/kernel_legacy,0.03890,2.415e-03
RESULT,128,fused_fp32io,16x16/w8/occ5/smem10240/kernel_cached,0.04099,3.814e-04
RESULT,128,fused_bf16io,16x16/w8/occ5/smem10240/kernel_cached,0.04123,2.367e-03
RESULT,128,fused_fp16acc_fp32io,16x16/w8/occ6/smem6144/kernel_cached,0.03373,5.244e-04
RESULT,128,fused_fp16acc_bf16io,16x16/w8/occ6/smem6144/kernel_cached,0.03280,2.415e-03
SELECT,128,fused_fp16acc_bf16io,16x16/w4/occ12/smem4096/kernel_cached,0.02422,2.414541959e-03,1.000000000e-02,bf16
MEMORY,128,device,35468288,6291456,181.860,4742144,40894464,0.945,208.325
RESULT,256,cufft_pipeline_fp32,-,0.32947,2.335e-07
RESULT,256,cufft_core_fp32,-,0.25336,2.335e-07
RESULT,256,fused_fp32io,32x16/w4/occ8/smem11264/kernel_legacy,0.06865,3.520e-04
RESULT,256,fused_bf16io,32x16/w4/occ8/smem11264/kernel_legacy,0.06363,2.371e-03
RESULT,256,fused_fp16acc_fp32io,32x16/w4/occ10/smem9216/kernel_legacy,0.05628,5.324e-04
RESULT,256,fused_fp16acc_bf16io,32x16/w4/occ10/smem9216/kernel_legacy,0.05899,2.404e-03
RESULT,256,fused_fp32io,32x16/w4/occ8/smem11264/kernel_cached,0.06145,3.520e-04
RESULT,256,fused_bf16io,32x16/w4/occ8/smem11264/kernel_cached,0.05947,2.371e-03
RESULT,256,fused_fp16acc_fp32io,32x16/w4/occ10/smem9216/kernel_cached,0.05142,5.324e-04
RESULT,256,fused_fp16acc_bf16io,32x16/w4/occ10/smem9216/kernel_cached,0.04656,2.404e-03
RESULT,256,fused_fp32io,16x32/w4/occ8/smem11264/kernel_legacy,0.08199,3.457e-04
RESULT,256,fused_bf16io,16x32/w4/occ8/smem11264/kernel_legacy,0.08298,2.369e-03
RESULT,256,fused_fp16acc_fp32io,16x32/w4/occ9/smem9216/kernel_legacy,0.07099,5.220e-04
RESULT,256,fused_fp16acc_bf16io,16x32/w4/occ9/smem9216/kernel_legacy,0.06960,2.419e-03
RESULT,256,fused_fp32io,16x32/w4/occ8/smem11264/kernel_cached,0.08480,3.457e-04
RESULT,256,fused_bf16io,16x32/w4/occ8/smem11264/kernel_cached,0.07934,2.369e-03
RESULT,256,fused_fp16acc_fp32io,16x32/w4/occ9/smem9216/kernel_cached,0.06557,5.220e-04
RESULT,256,fused_fp16acc_bf16io,16x32/w4/occ9/smem9216/kernel_cached,0.06673,2.419e-03
RESULT,256,fused_fp32io,32x16/w8/occ5/smem15360/kernel_legacy,0.07365,3.520e-04
RESULT,256,fused_bf16io,32x16/w8/occ5/smem15360/kernel_legacy,0.07171,2.371e-03
RESULT,256,fused_fp16acc_fp32io,32x16/w8/occ6/smem11264/kernel_legacy,0.06732,5.324e-04
RESULT,256,fused_fp16acc_bf16io,32x16/w8/occ6/smem11264/kernel_legacy,0.06233,2.404e-03
RESULT,256,fused_fp32io,32x16/w8/occ5/smem15360/kernel_cached,0.06745,3.520e-04
RESULT,256,fused_bf16io,32x16/w8/occ5/smem15360/kernel_cached,0.06885,2.371e-03
RESULT,256,fused_fp16acc_fp32io,32x16/w8/occ6/smem11264/kernel_cached,0.05325,5.324e-04
RESULT,256,fused_fp16acc_bf16io,32x16/w8/occ6/smem11264/kernel_cached,0.05127,2.404e-03
SELECT,256,fused_fp16acc_bf16io,32x16/w4/occ10/smem9216/kernel_cached,0.04656,2.403527438e-03,1.000000000e-02,bf16
MEMORY,256,device,70859776,12582912,3.063,9462784,119537664,2.373,37.308
RESULT,512,cufft_pipeline_fp32,-,0.90625,3.433e-07
RESULT,512,cufft_core_fp32,-,0.66997,3.433e-07
RESULT,512,fused_fp32io,32x32/w4/occ7/smem12288/kernel_legacy,0.18756,3.344e-04
RESULT,512,fused_bf16io,32x32/w4/occ7/smem12288/kernel_legacy,0.14036,2.363e-03
RESULT,512,fused_fp16acc_fp32io,32x32/w4/occ9/smem10240/kernel_legacy,0.17773,5.420e-04
RESULT,512,fused_fp16acc_bf16io,32x32/w4/occ9/smem10240/kernel_legacy,0.12206,2.402e-03
RESULT,512,fused_fp32io,32x32/w4/occ7/smem12288/kernel_cached,0.19197,3.344e-04
RESULT,512,fused_bf16io,32x32/w4/occ7/smem12288/kernel_cached,0.14674,2.363e-03
RESULT,512,fused_fp16acc_fp32io,32x32/w4/occ9/smem10240/kernel_cached,0.17744,5.420e-04
RESULT,512,fused_fp16acc_bf16io,32x32/w4/occ9/smem10240/kernel_cached,0.12315,2.402e-03
RESULT,512,fused_fp32io,32x32/w8/occ4/smem16384/kernel_legacy,0.20494,3.344e-04
RESULT,512,fused_bf16io,32x32/w8/occ4/smem16384/kernel_legacy,0.15099,2.363e-03
RESULT,512,fused_fp16acc_fp32io,32x32/w8/occ4/smem12288/kernel_legacy,0.21260,5.420e-04
RESULT,512,fused_fp16acc_bf16io,32x32/w8/occ4/smem12288/kernel_legacy,0.13577,2.402e-03
RESULT,512,fused_fp32io,32x32/w8/occ4/smem16384/kernel_cached,0.20042,3.344e-04
RESULT,512,fused_bf16io,32x32/w8/occ4/smem16384/kernel_cached,0.14539,2.363e-03
RESULT,512,fused_fp16acc_fp32io,32x32/w8/occ4/smem12288/kernel_cached,0.20674,5.420e-04
RESULT,512,fused_fp16acc_bf16io,32x32/w8/occ4/smem12288/kernel_cached,0.12707,2.402e-03
RESULT,512,fused_fp32io,64x16/w4/occ3/smem25600/kernel_legacy,0.27915,3.522e-04
RESULT,512,fused_bf16io,64x16/w4/occ3/smem25600/kernel_legacy,0.24527,2.365e-03
RESULT,512,fused_fp16acc_fp32io,64x16/w4/occ4/smem23552/kernel_legacy,0.21558,5.993e-04
RESULT,512,fused_fp16acc_bf16io,64x16/w4/occ4/smem23552/kernel_legacy,0.19313,2.433e-03
RESULT,512,fused_fp32io,64x16/w4/occ3/smem25600/kernel_cached,0.23691,3.522e-04
RESULT,512,fused_bf16io,64x16/w4/occ3/smem25600/kernel_cached,0.22219,2.365e-03
RESULT,512,fused_fp16acc_fp32io,64x16/w4/occ4/smem23552/kernel_cached,0.19217,5.993e-04
RESULT,512,fused_fp16acc_bf16io,64x16/w4/occ4/smem23552/kernel_cached,0.17716,2.433e-03
RESULT,512,fused_fp32io,16x64/w4/occ3/smem25600/kernel_legacy,0.43631,3.468e-04
RESULT,512,fused_bf16io,16x64/w4/occ3/smem25600/kernel_legacy,0.38605,2.365e-03
RESULT,512,fused_fp16acc_fp32io,16x64/w4/occ4/smem23552/kernel_legacy,0.34682,5.597e-04
RESULT,512,fused_fp16acc_bf16io,16x64/w4/occ4/smem23552/kernel_legacy,0.29478,2.424e-03
RESULT,512,fused_fp32io,16x64/w4/occ3/smem25600/kernel_cached,0.40438,3.468e-04
RESULT,512,fused_bf16io,16x64/w4/occ3/smem25600/kernel_cached,0.34842,2.365e-03
RESULT,512,fused_fp16acc_fp32io,16x64/w4/occ4/smem23552/kernel_cached,0.31988,5.597e-04
RESULT,512,fused_fp16acc_bf16io,16x64/w4/occ4/smem23552/kernel_cached,0.27700,2.424e-03
SELECT,512,fused_fp16acc_bf16io,32x32/w4/occ9/smem10240/kernel_legacy,0.12206,2.401751558e-03,1.000000000e-02,bf16
MEMORY,512,device,141642752,25165824,5.941,18904064,314572800,9.597,77.921
RESULT,1024,cufft_pipeline_fp32,-,1.87514,2.733e-07
RESULT,1024,cufft_core_fp32,-,1.34186,2.733e-07
RESULT,1024,fused_fp32io,64x32/w4/occ3/smem32768/kernel_legacy,0.46161,3.355e-04
RESULT,1024,fused_bf16io,64x32/w4/occ3/smem32768/kernel_legacy,0.44068,2.363e-03
RESULT,1024,fused_fp16acc_fp32io,64x32/w4/occ3/smem30720/kernel_legacy,0.44434,6.085e-04
RESULT,1024,fused_fp16acc_bf16io,64x32/w4/occ3/smem30720/kernel_legacy,0.41319,2.435e-03
RESULT,1024,fused_fp32io,64x32/w4/occ3/smem32768/kernel_cached,0.48217,3.355e-04
RESULT,1024,fused_bf16io,64x32/w4/occ3/smem32768/kernel_cached,0.43135,2.363e-03
RESULT,1024,fused_fp16acc_fp32io,64x32/w4/occ3/smem30720/kernel_cached,0.42249,6.085e-04
RESULT,1024,fused_fp16acc_bf16io,64x32/w4/occ3/smem30720/kernel_cached,0.41259,2.435e-03
RESULT,1024,fused_fp32io,32x64/w4/occ3/smem32768/kernel_legacy,0.65124,3.371e-04
RESULT,1024,fused_bf16io,32x64/w4/occ3/smem32768/kernel_legacy,0.59989,2.364e-03
RESULT,1024,fused_fp16acc_fp32io,32x64/w4/occ3/smem30720/kernel_legacy,0.58410,5.783e-04
RESULT,1024,fused_fp16acc_bf16io,32x64/w4/occ3/smem30720/kernel_legacy,0.58138,2.410e-03
RESULT,1024,fused_fp32io,32x64/w4/occ3/smem32768/kernel_cached,0.61083,3.371e-04
RESULT,1024,fused_bf16io,32x64/w4/occ3/smem32768/kernel_cached,0.59666,2.364e-03
RESULT,1024,fused_fp16acc_fp32io,32x64/w4/occ3/smem30720/kernel_cached,0.59892,5.783e-04
RESULT,1024,fused_fp16acc_bf16io,32x64/w4/occ3/smem30720/kernel_cached,0.52385,2.410e-03
RESULT,1024,fused_fp32io,64x32/w8/occ2/smem36864/kernel_legacy,0.50899,3.355e-04
RESULT,1024,fused_bf16io,64x32/w8/occ2/smem36864/kernel_legacy,0.49537,2.363e-03
RESULT,1024,fused_fp16acc_fp32io,64x32/w8/occ3/smem32768/kernel_legacy,0.46613,6.085e-04
RESULT,1024,fused_fp16acc_bf16io,64x32/w8/occ3/smem32768/kernel_legacy,0.37651,2.435e-03
RESULT,1024,fused_fp32io,64x32/w8/occ2/smem36864/kernel_cached,0.49220,3.355e-04
RESULT,1024,fused_bf16io,64x32/w8/occ2/smem36864/kernel_cached,0.50326,2.363e-03
RESULT,1024,fused_fp16acc_fp32io,64x32/w8/occ3/smem32768/kernel_cached,0.42164,6.085e-04
RESULT,1024,fused_fp16acc_bf16io,64x32/w8/occ3/smem32768/kernel_cached,0.36342,2.435e-03
RESULT,1024,fused_fp32io,32x64/w8/occ2/smem36864/kernel_legacy,0.71438,3.371e-04
RESULT,1024,fused_bf16io,32x64/w8/occ2/smem36864/kernel_legacy,0.70190,2.364e-03
RESULT,1024,fused_fp16acc_fp32io,32x64/w8/occ3/smem32768/kernel_legacy,0.59161,5.783e-04
RESULT,1024,fused_fp16acc_bf16io,32x64/w8/occ3/smem32768/kernel_legacy,0.52397,2.410e-03
RESULT,1024,fused_fp32io,32x64/w8/occ2/smem36864/kernel_cached,0.68302,3.371e-04
RESULT,1024,fused_bf16io,32x64/w8/occ2/smem36864/kernel_cached,0.63028,2.364e-03
RESULT,1024,fused_fp16acc_fp32io,32x64/w8/occ3/smem32768/kernel_cached,0.55134,5.783e-04
RESULT,1024,fused_fp16acc_bf16io,32x64/w8/occ3/smem32768/kernel_cached,0.49216,2.410e-03
SELECT,1024,fused_fp16acc_bf16io,64x32/w8/occ3/smem32768/kernel_cached,0.36342,2.435428487e-03,1.000000000e-02,bf16
MEMORY,1024,device,283208704,50331648,10.664,37786624,629145600,15.294,152.182
RESULT,2048,cufft_pipeline_fp32,-,4.14245,2.957e-07
RESULT,2048,cufft_core_fp32,-,3.03350,2.957e-07
RESULT,2048,fused_fp32io,16x16x16/w4/occ4/smem21504/kernel_legacy,0.72299,4.697e-04
RESULT,2048,fused_bf16io,16x16x16/w4/occ4/smem21504/kernel_legacy,0.63462,2.386e-03
RESULT,2048,fused_fp16acc_fp32io,16x16x16/w4/occ5/smem19456/kernel_legacy,0.63209,6.275e-04
RESULT,2048,fused_fp16acc_bf16io,16x16x16/w4/occ5/smem19456/kernel_legacy,0.47323,2.440e-03
RESULT,2048,fused_fp32io,16x16x16/w4/occ4/smem21504/kernel_cached,0.72763,4.697e-04
RESULT,2048,fused_bf16io,16x16x16/w4/occ4/smem21504/kernel_cached,0.68688,2.386e-03
RESULT,2048,fused_fp16acc_fp32io,16x16x16/w4/occ5/smem19456/kernel_cached,0.65818,6.275e-04
RESULT,2048,fused_fp16acc_bf16io,16x16x16/w4/occ5/smem19456/kernel_cached,0.47325,2.440e-03
RESULT,2048,fused_fp32io,16x16x16/w8/occ3/smem25600/kernel_legacy,0.67020,4.697e-04
RESULT,2048,fused_bf16io,16x16x16/w8/occ3/smem25600/kernel_legacy,0.66431,2.386e-03
RESULT,2048,fused_fp16acc_fp32io,16x16x16/w8/occ4/smem21504/kernel_legacy,0.62867,6.275e-04
RESULT,2048,fused_fp16acc_bf16io,16x16x16/w8/occ4/smem21504/kernel_legacy,0.48557,2.440e-03
RESULT,2048,fused_fp32io,16x16x16/w8/occ3/smem25600/kernel_cached,0.67319,4.697e-04
RESULT,2048,fused_bf16io,16x16x16/w8/occ3/smem25600/kernel_cached,0.65304,2.386e-03
RESULT,2048,fused_fp16acc_fp32io,16x16x16/w8/occ4/smem21504/kernel_cached,0.62429,6.275e-04
RESULT,2048,fused_fp16acc_bf16io,16x16x16/w8/occ4/smem21504/kernel_cached,0.48504,2.440e-03
RESULT,2048,fused_fp32io,64x64/w8/occ2/smem40960/kernel_legacy,1.21032,3.381e-04
RESULT,2048,fused_bf16io,64x64/w8/occ2/smem40960/kernel_legacy,1.24743,2.363e-03
RESULT,2048,fused_fp16acc_fp32io,64x64/w8/occ2/smem36864/kernel_legacy,1.13194,6.417e-04
RESULT,2048,fused_fp16acc_bf16io,64x64/w8/occ2/smem36864/kernel_legacy,1.13620,2.443e-03
RESULT,2048,fused_fp32io,64x64/w8/occ2/smem40960/kernel_cached,1.19944,3.381e-04
RESULT,2048,fused_bf16io,64x64/w8/occ2/smem40960/kernel_cached,1.19056,2.363e-03
RESULT,2048,fused_fp16acc_fp32io,64x64/w8/occ2/smem36864/kernel_cached,1.18635,6.417e-04
RESULT,2048,fused_fp16acc_bf16io,64x64/w8/occ2/smem36864/kernel_cached,1.08039,2.443e-03
RESULT,2048,fused_fp32io,64x64/w4/occ2/smem36864/kernel_legacy,1.29540,3.381e-04
RESULT,2048,fused_bf16io,64x64/w4/occ2/smem36864/kernel_legacy,1.27308,2.363e-03
RESULT,2048,fused_fp16acc_fp32io,64x64/w4/occ2/smem34816/kernel_legacy,1.15738,6.417e-04
RESULT,2048,fused_fp16acc_bf16io,64x64/w4/occ2/smem34816/kernel_legacy,1.18274,2.443e-03
RESULT,2048,fused_fp32io,64x64/w4/occ2/smem36864/kernel_cached,1.26331,3.381e-04
RESULT,2048,fused_bf16io,64x64/w4/occ2/smem36864/kernel_cached,1.19983,2.363e-03
RESULT,2048,fused_fp16acc_fp32io,64x64/w4/occ2/smem34816/kernel_cached,1.21028,6.417e-04
RESULT,2048,fused_fp16acc_bf16io,64x64/w4/occ2/smem34816/kernel_cached,1.16388,2.443e-03
SELECT,2048,fused_fp16acc_bf16io,16x16x16/w4/occ5/smem19456/kernel_legacy,0.47323,2.439660081e-03,1.000000000e-02,bf16
MEMORY,2048,device,566340608,100663296,19.927,75551744,1258291200,23.985,306.941
RESULT,4096,cufft_pipeline_fp32,-,8.25939,3.081e-07
RESULT,4096,cufft_core_fp32,-,6.04998,3.081e-07
RESULT,4096,fused_fp32io,32x16x16/w4/occ2/smem41984/kernel_legacy,1.61595,4.284e-04
RESULT,4096,fused_bf16io,32x16x16/w4/occ2/smem41984/kernel_legacy,1.42965,2.379e-03
RESULT,4096,fused_fp16acc_fp32io,32x16x16/w4/occ2/smem39936/kernel_legacy,1.45672,6.205e-04
RESULT,4096,fused_fp16acc_bf16io,32x16x16/w4/occ2/smem39936/kernel_legacy,1.33168,2.421e-03
RESULT,4096,fused_fp32io,32x16x16/w4/occ2/smem41984/kernel_cached,1.52136,4.284e-04
RESULT,4096,fused_bf16io,32x16x16/w4/occ2/smem41984/kernel_cached,1.36969,2.379e-03
RESULT,4096,fused_fp16acc_fp32io,32x16x16/w4/occ2/smem39936/kernel_cached,1.53820,6.205e-04
RESULT,4096,fused_fp16acc_bf16io,32x16x16/w4/occ2/smem39936/kernel_cached,1.29284,2.421e-03
RESULT,4096,fused_fp32io,16x32x16/w4/occ2/smem41984/kernel_legacy,1.75315,4.261e-04
RESULT,4096,fused_bf16io,16x32x16/w4/occ2/smem41984/kernel_legacy,1.52411,2.378e-03
RESULT,4096,fused_fp16acc_fp32io,16x32x16/w4/occ2/smem39936/kernel_legacy,1.50381,6.169e-04
RESULT,4096,fused_fp16acc_bf16io,16x32x16/w4/occ2/smem39936/kernel_legacy,1.38698,2.438e-03
RESULT,4096,fused_fp32io,16x32x16/w4/occ2/smem41984/kernel_cached,1.76860,4.261e-04
RESULT,4096,fused_bf16io,16x32x16/w4/occ2/smem41984/kernel_cached,1.51976,2.378e-03
RESULT,4096,fused_fp16acc_fp32io,16x32x16/w4/occ2/smem39936/kernel_cached,1.66181,6.169e-04
RESULT,4096,fused_fp16acc_bf16io,16x32x16/w4/occ2/smem39936/kernel_cached,1.42968,2.438e-03
RESULT,4096,fused_fp32io,16x16x32/w4/occ2/smem41984/kernel_legacy,1.96117,4.252e-04
RESULT,4096,fused_bf16io,16x16x32/w4/occ2/smem41984/kernel_legacy,1.74024,2.378e-03
RESULT,4096,fused_fp16acc_fp32io,16x16x32/w4/occ2/smem39936/kernel_legacy,1.63939,6.150e-04
RESULT,4096,fused_fp16acc_bf16io,16x16x32/w4/occ2/smem39936/kernel_legacy,1.39426,2.438e-03
RESULT,4096,fused_fp32io,16x16x32/w4/occ2/smem41984/kernel_cached,1.95977,4.252e-04
RESULT,4096,fused_bf16io,16x16x32/w4/occ2/smem41984/kernel_cached,1.74092,2.378e-03
RESULT,4096,fused_fp16acc_fp32io,16x16x32/w4/occ2/smem39936/kernel_cached,1.64007,6.150e-04
RESULT,4096,fused_fp16acc_bf16io,16x16x32/w4/occ2/smem39936/kernel_cached,1.44216,2.438e-03
RESULT,4096,fused_fp32io,32x16x16/w8/occ2/smem46080/kernel_legacy,1.44338,4.284e-04
RESULT,4096,fused_bf16io,32x16x16/w8/occ2/smem46080/kernel_legacy,1.33978,2.379e-03
RESULT,4096,fused_fp16acc_fp32io,32x16x16/w8/occ2/smem41984/kernel_legacy,1.37242,6.205e-04
RESULT,4096,fused_fp16acc_bf16io,32x16x16/w8/occ2/smem41984/kernel_legacy,1.03372,2.421e-03
RESULT,4096,fused_fp32io,32x16x16/w8/occ2/smem46080/kernel_cached,1.43412,4.284e-04
RESULT,4096,fused_bf16io,32x16x16/w8/occ2/smem46080/kernel_cached,1.35923,2.379e-03
RESULT,4096,fused_fp16acc_fp32io,32x16x16/w8/occ2/smem41984/kernel_cached,1.32350,6.205e-04
RESULT,4096,fused_fp16acc_bf16io,32x16x16/w8/occ2/smem41984/kernel_cached,1.01560,2.421e-03
RESULT,4096,fused_fp32io,16x16x32/w8/occ2/smem46080/kernel_legacy,1.68942,4.252e-04
RESULT,4096,fused_bf16io,16x16x32/w8/occ2/smem46080/kernel_legacy,1.63460,2.378e-03
RESULT,4096,fused_fp16acc_fp32io,16x16x32/w8/occ2/smem41984/kernel_legacy,1.47230,6.150e-04
RESULT,4096,fused_fp16acc_bf16io,16x16x32/w8/occ2/smem41984/kernel_legacy,1.28252,2.438e-03
RESULT,4096,fused_fp32io,16x16x32/w8/occ2/smem46080/kernel_cached,1.70573,4.252e-04
RESULT,4096,fused_bf16io,16x16x32/w8/occ2/smem46080/kernel_cached,1.65510,2.378e-03
RESULT,4096,fused_fp16acc_fp32io,16x16x32/w8/occ2/smem41984/kernel_cached,1.52016,6.150e-04
RESULT,4096,fused_fp16acc_bf16io,16x16x32/w8/occ2/smem41984/kernel_cached,1.30506,2.438e-03
SELECT,4096,fused_fp16acc_bf16io,32x16x16/w8/occ2/smem41984/kernel_cached,1.01560,2.421442903e-03,1.000000000e-02,bf16
MEMORY,4096,device,1132604416,201326592,38.988,151081984,3120562176,60.249,616.331
RESULT,8192,cufft_pipeline_fp32,-,16.11090,3.684e-07
RESULT,8192,cufft_core_fp32,-,11.79080,3.684e-07
RESULT,8192,fused_fp32io,32x32x16/w4/occ1/smem74752/kernel_legacy,5.02666,3.972e-04
RESULT,8192,fused_bf16io,32x32x16/w4/occ1/smem74752/kernel_legacy,4.39599,2.373e-03
RESULT,8192,fused_fp16acc_fp32io,32x32x16/w4/occ1/smem72704/kernel_legacy,4.97011,6.199e-04
RESULT,8192,fused_fp16acc_bf16io,32x32x16/w4/occ1/smem72704/kernel_legacy,4.34158,2.420e-03
RESULT,8192,fused_fp32io,32x32x16/w4/occ1/smem74752/kernel_cached,4.96040,3.972e-04
RESULT,8192,fused_bf16io,32x32x16/w4/occ1/smem74752/kernel_cached,4.32377,2.373e-03
RESULT,8192,fused_fp16acc_fp32io,32x32x16/w4/occ1/smem72704/kernel_cached,4.90518,6.199e-04
RESULT,8192,fused_fp16acc_bf16io,32x32x16/w4/occ1/smem72704/kernel_cached,4.28441,2.420e-03
RESULT,8192,fused_fp32io,16x32x32/w4/occ1/smem74752/kernel_legacy,5.43391,3.944e-04
RESULT,8192,fused_bf16io,16x32x32/w4/occ1/smem74752/kernel_legacy,4.83281,2.372e-03
RESULT,8192,fused_fp16acc_fp32io,16x32x32/w4/occ1/smem72704/kernel_legacy,5.26148,6.140e-04
RESULT,8192,fused_fp16acc_bf16io,16x32x32/w4/occ1/smem72704/kernel_legacy,4.64540,2.436e-03
RESULT,8192,fused_fp32io,16x32x32/w4/occ1/smem74752/kernel_cached,5.45172,3.944e-04
RESULT,8192,fused_bf16io,16x32x32/w4/occ1/smem74752/kernel_cached,4.77781,2.372e-03
RESULT,8192,fused_fp16acc_fp32io,16x32x32/w4/occ1/smem72704/kernel_cached,5.18011,6.140e-04
RESULT,8192,fused_fp16acc_bf16io,16x32x32/w4/occ1/smem72704/kernel_cached,4.58707,2.436e-03
RESULT,8192,fused_fp32io,64x16x16/w4/occ1/smem87040/kernel_legacy,5.42974,4.271e-04
RESULT,8192,fused_bf16io,64x16x16/w4/occ1/smem87040/kernel_legacy,5.17232,2.378e-03
RESULT,8192,fused_fp16acc_fp32io,64x16x16/w4/occ1/smem84992/kernel_legacy,5.06751,6.794e-04
RESULT,8192,fused_fp16acc_bf16io,64x16x16/w4/occ1/smem84992/kernel_legacy,4.78677,2.454e-03
RESULT,8192,fused_fp32io,64x16x16/w4/occ1/smem87040/kernel_cached,5.40167,4.271e-04
RESULT,8192,fused_bf16io,64x16x16/w4/occ1/smem87040/kernel_cached,5.09015,2.378e-03
RESULT,8192,fused_fp16acc_fp32io,64x16x16/w4/occ1/smem84992/kernel_cached,5.06857,6.794e-04
RESULT,8192,fused_fp16acc_bf16io,64x16x16/w4/occ1/smem84992/kernel_cached,4.61804,2.454e-03
RESULT,8192,fused_fp32io,32x32x16/w8/occ1/smem78848/kernel_legacy,4.12648,3.972e-04
RESULT,8192,fused_bf16io,32x32x16/w8/occ1/smem78848/kernel_legacy,3.47036,2.373e-03
RESULT,8192,fused_fp16acc_fp32io,32x32x16/w8/occ1/smem74752/kernel_legacy,3.88779,6.199e-04
RESULT,8192,fused_fp16acc_bf16io,32x32x16/w8/occ1/smem74752/kernel_legacy,3.13996,2.420e-03
RESULT,8192,fused_fp32io,32x32x16/w8/occ1/smem78848/kernel_cached,4.11481,3.972e-04
RESULT,8192,fused_bf16io,32x32x16/w8/occ1/smem78848/kernel_cached,3.38676,2.373e-03
RESULT,8192,fused_fp16acc_fp32io,32x32x16/w8/occ1/smem74752/kernel_cached,3.87394,6.199e-04
RESULT,8192,fused_fp16acc_bf16io,32x32x16/w8/occ1/smem74752/kernel_cached,3.14279,2.420e-03
RESULT,8192,fused_fp32io,16x32x32/w8/occ1/smem78848/kernel_legacy,4.61393,3.944e-04
RESULT,8192,fused_bf16io,16x32x32/w8/occ1/smem78848/kernel_legacy,4.08694,2.372e-03
RESULT,8192,fused_fp16acc_fp32io,16x32x32/w8/occ1/smem74752/kernel_legacy,4.01892,6.140e-04
RESULT,8192,fused_fp16acc_bf16io,16x32x32/w8/occ1/smem74752/kernel_legacy,3.53820,2.436e-03
RESULT,8192,fused_fp32io,16x32x32/w8/occ1/smem78848/kernel_cached,4.58595,3.944e-04
RESULT,8192,fused_bf16io,16x32x32/w8/occ1/smem78848/kernel_cached,4.04122,2.372e-03
RESULT,8192,fused_fp16acc_fp32io,16x32x32/w8/occ1/smem74752/kernel_cached,4.00637,6.140e-04
RESULT,8192,fused_fp16acc_bf16io,16x32x32/w8/occ1/smem74752/kernel_cached,3.55144,2.436e-03
RESULT,8192,fused_fp32io,16x16x64/w8/occ1/smem91136/kernel_legacy,5.97130,4.258e-04
RESULT,8192,fused_bf16io,16x16x64/w8/occ1/smem91136/kernel_legacy,5.50932,2.378e-03
RESULT,8192,fused_fp16acc_fp32io,16x16x64/w8/occ1/smem87040/kernel_legacy,5.65621,6.463e-04
RESULT,8192,fused_fp16acc_bf16io,16x16x64/w8/occ1/smem87040/kernel_legacy,5.03746,2.445e-03
RESULT,8192,fused_fp32io,16x16x64/w8/occ1/smem91136/kernel_cached,6.15769,4.258e-04
RESULT,8192,fused_bf16io,16x16x64/w8/occ1/smem91136/kernel_cached,5.52124,2.378e-03
RESULT,8192,fused_fp16acc_fp32io,16x16x64/w8/occ1/smem87040/kernel_cached,5.62837,6.463e-04
RESULT,8192,fused_fp16acc_bf16io,16x16x64/w8/occ1/smem87040/kernel_cached,4.92963,2.445e-03
SELECT,8192,fused_fp16acc_bf16io,32x32x16/w8/occ1/smem74752/kernel_legacy,3.13996,2.420119196e-03,1.000000000e-02,bf16
MEMORY,8192,device,2265132032,402653184,75.629,302142464,7449083904,137.617,1217.140
RUN,optimized,3,hybrid,auto,9605cb2a0130671ecdb98bae79ac598e28bf2d6b
# MEMORY_CAPS,mapped=1,managed=1,concurrent_managed=1,pageable=1,host_page_tables=1,integrated=1
# NVIDIA GB10 sm_121 48 SMs, smem/block 101376, L2 24 MB, B=8 H=768
# calibration seed=88172645463325252, input_scale=1.000000000e+00, max_error=1.000000000e-02, io=bf16,allocator=hybrid,kernel=auto
RESULT,128,cufft_pipeline_fp32,-,0.14059,2.401e-07
RESULT,128,cufft_core_fp32,-,0.07826,2.401e-07
RESULT,128,fused_fp32io,16x16/w4/occ10/smem6144/kernel_legacy,0.03698,3.814e-04
RESULT,128,fused_bf16io,16x16/w4/occ10/smem6144/kernel_legacy,0.03073,2.367e-03
RESULT,128,fused_fp16acc_fp32io,16x16/w4/occ12/smem4096/kernel_legacy,0.03844,5.244e-04
RESULT,128,fused_fp16acc_bf16io,16x16/w4/occ12/smem4096/kernel_legacy,0.02670,2.415e-03
RESULT,128,fused_fp32io,16x16/w4/occ10/smem6144/kernel_cached,0.03515,3.814e-04
RESULT,128,fused_bf16io,16x16/w4/occ10/smem6144/kernel_cached,0.03094,2.367e-03
RESULT,128,fused_fp16acc_fp32io,16x16/w4/occ12/smem4096/kernel_cached,0.03579,5.244e-04
RESULT,128,fused_fp16acc_bf16io,16x16/w4/occ12/smem4096/kernel_cached,0.02449,2.415e-03
RESULT,128,fused_fp32io,16x16/w8/occ5/smem10240/kernel_legacy,0.05119,3.814e-04
RESULT,128,fused_bf16io,16x16/w8/occ5/smem10240/kernel_legacy,0.04304,2.367e-03
RESULT,128,fused_fp16acc_fp32io,16x16/w8/occ6/smem6144/kernel_legacy,0.04300,5.244e-04
RESULT,128,fused_fp16acc_bf16io,16x16/w8/occ6/smem6144/kernel_legacy,0.03682,2.415e-03
RESULT,128,fused_fp32io,16x16/w8/occ5/smem10240/kernel_cached,0.05275,3.814e-04
RESULT,128,fused_bf16io,16x16/w8/occ5/smem10240/kernel_cached,0.04098,2.367e-03
RESULT,128,fused_fp16acc_fp32io,16x16/w8/occ6/smem6144/kernel_cached,0.04469,5.244e-04
RESULT,128,fused_fp16acc_bf16io,16x16/w8/occ6/smem6144/kernel_cached,0.03316,2.415e-03
SELECT,128,fused_fp16acc_bf16io,16x16/w4/occ12/smem4096/kernel_cached,0.02449,2.414541959e-03,1.000000000e-02,bf16
MEMORY,128,hybrid,35468288,0,8.770,23552,0,0.034,34.325
RESULT,256,cufft_pipeline_fp32,-,0.31715,2.335e-07
RESULT,256,cufft_core_fp32,-,0.24475,2.335e-07
RESULT,256,fused_fp32io,32x16/w4/occ8/smem11264/kernel_legacy,0.06989,3.520e-04
RESULT,256,fused_bf16io,32x16/w4/occ8/smem11264/kernel_legacy,0.06422,2.371e-03
RESULT,256,fused_fp16acc_fp32io,32x16/w4/occ10/smem9216/kernel_legacy,0.06843,5.324e-04
RESULT,256,fused_fp16acc_bf16io,32x16/w4/occ10/smem9216/kernel_legacy,0.05538,2.404e-03
RESULT,256,fused_fp32io,32x16/w4/occ8/smem11264/kernel_cached,0.06147,3.520e-04
RESULT,256,fused_bf16io,32x16/w4/occ8/smem11264/kernel_cached,0.06174,2.371e-03
RESULT,256,fused_fp16acc_fp32io,32x16/w4/occ10/smem9216/kernel_cached,0.05427,5.324e-04
RESULT,256,fused_fp16acc_bf16io,32x16/w4/occ10/smem9216/kernel_cached,0.04699,2.404e-03
RESULT,256,fused_fp32io,16x32/w4/occ8/smem11264/kernel_legacy,0.08610,3.457e-04
RESULT,256,fused_bf16io,16x32/w4/occ8/smem11264/kernel_legacy,0.08133,2.369e-03
RESULT,256,fused_fp16acc_fp32io,16x32/w4/occ9/smem9216/kernel_legacy,0.07392,5.220e-04
RESULT,256,fused_fp16acc_bf16io,16x32/w4/occ9/smem9216/kernel_legacy,0.06971,2.419e-03
RESULT,256,fused_fp32io,16x32/w4/occ8/smem11264/kernel_cached,0.08204,3.457e-04
RESULT,256,fused_bf16io,16x32/w4/occ8/smem11264/kernel_cached,0.07987,2.369e-03
RESULT,256,fused_fp16acc_fp32io,16x32/w4/occ9/smem9216/kernel_cached,0.06760,5.220e-04
RESULT,256,fused_fp16acc_bf16io,16x32/w4/occ9/smem9216/kernel_cached,0.07199,2.419e-03
RESULT,256,fused_fp32io,32x16/w8/occ5/smem15360/kernel_legacy,0.07782,3.520e-04
RESULT,256,fused_bf16io,32x16/w8/occ5/smem15360/kernel_legacy,0.07178,2.371e-03
RESULT,256,fused_fp16acc_fp32io,32x16/w8/occ6/smem11264/kernel_legacy,0.07696,5.324e-04
RESULT,256,fused_fp16acc_bf16io,32x16/w8/occ6/smem11264/kernel_legacy,0.06283,2.404e-03
RESULT,256,fused_fp32io,32x16/w8/occ5/smem15360/kernel_cached,0.06869,3.520e-04
RESULT,256,fused_bf16io,32x16/w8/occ5/smem15360/kernel_cached,0.07017,2.371e-03
RESULT,256,fused_fp16acc_fp32io,32x16/w8/occ6/smem11264/kernel_cached,0.05669,5.324e-04
RESULT,256,fused_fp16acc_bf16io,32x16/w8/occ6/smem11264/kernel_cached,0.05289,2.404e-03
SELECT,256,fused_fp16acc_bf16io,32x16/w4/occ10/smem9216/kernel_cached,0.04699,2.403527438e-03,1.000000000e-02,bf16
MEMORY,256,hybrid,70859776,0,15.020,25600,0,0.029,48.382
RESULT,512,cufft_pipeline_fp32,-,0.87057,3.433e-07
RESULT,512,cufft_core_fp32,-,0.67302,3.433e-07
RESULT,512,fused_fp32io,32x32/w4/occ7/smem12288/kernel_legacy,0.14752,3.344e-04
RESULT,512,fused_bf16io,32x32/w4/occ7/smem12288/kernel_legacy,0.14146,2.363e-03
RESULT,512,fused_fp16acc_fp32io,32x32/w4/occ9/smem10240/kernel_legacy,0.13597,5.420e-04
RESULT,512,fused_fp16acc_bf16io,32x32/w4/occ9/smem10240/kernel_legacy,0.12057,2.402e-03
RESULT,512,fused_fp32io,32x32/w4/occ7/smem12288/kernel_cached,0.14762,3.344e-04
RESULT,512,fused_bf16io,32x32/w4/occ7/smem12288/kernel_cached,0.15286,2.363e-03
RESULT,512,fused_fp16acc_fp32io,32x32/w4/occ9/smem10240/kernel_cached,0.12098,5.420e-04
RESULT,512,fused_fp16acc_bf16io,32x32/w4/occ9/smem10240/kernel_cached,0.11651,2.402e-03
RESULT,512,fused_fp32io,32x32/w8/occ4/smem16384/kernel_legacy,0.17579,3.344e-04
RESULT,512,fused_bf16io,32x32/w8/occ4/smem16384/kernel_legacy,0.14773,2.363e-03
RESULT,512,fused_fp16acc_fp32io,32x32/w8/occ4/smem12288/kernel_legacy,0.14544,5.420e-04
RESULT,512,fused_fp16acc_bf16io,32x32/w8/occ4/smem12288/kernel_legacy,0.14536,2.402e-03
RESULT,512,fused_fp32io,32x32/w8/occ4/smem16384/kernel_cached,0.15163,3.344e-04
RESULT,512,fused_bf16io,32x32/w8/occ4/smem16384/kernel_cached,0.14621,2.363e-03
RESULT,512,fused_fp16acc_fp32io,32x32/w8/occ4/smem12288/kernel_cached,0.13875,5.420e-04
RESULT,512,fused_fp16acc_bf16io,32x32/w8/occ4/smem12288/kernel_cached,0.12725,2.402e-03
RESULT,512,fused_fp32io,64x16/w4/occ3/smem25600/kernel_legacy,0.27817,3.522e-04
RESULT,512,fused_bf16io,64x16/w4/occ3/smem25600/kernel_legacy,0.24144,2.365e-03
RESULT,512,fused_fp16acc_fp32io,64x16/w4/occ4/smem23552/kernel_legacy,0.19459,5.993e-04
RESULT,512,fused_fp16acc_bf16io,64x16/w4/occ4/smem23552/kernel_legacy,0.18934,2.433e-03
RESULT,512,fused_fp32io,64x16/w4/occ3/smem25600/kernel_cached,0.26384,3.522e-04
RESULT,512,fused_bf16io,64x16/w4/occ3/smem25600/kernel_cached,0.21700,2.365e-03
RESULT,512,fused_fp16acc_fp32io,64x16/w4/occ4/smem23552/kernel_cached,0.18172,5.993e-04
RESULT,512,fused_fp16acc_bf16io,64x16/w4/occ4/smem23552/kernel_cached,0.17080,2.433e-03
RESULT,512,fused_fp32io,16x64/w4/occ3/smem25600/kernel_legacy,0.38671,3.468e-04
RESULT,512,fused_bf16io,16x64/w4/occ3/smem25600/kernel_legacy,0.38947,2.365e-03
RESULT,512,fused_fp16acc_fp32io,16x64/w4/occ4/smem23552/kernel_legacy,0.30129,5.597e-04
RESULT,512,fused_fp16acc_bf16io,16x64/w4/occ4/smem23552/kernel_legacy,0.29552,2.424e-03
RESULT,512,fused_fp32io,16x64/w4/occ3/smem25600/kernel_cached,0.36160,3.468e-04
RESULT,512,fused_bf16io,16x64/w4/occ3/smem25600/kernel_cached,0.35102,2.365e-03
RESULT,512,fused_fp16acc_fp32io,16x64/w4/occ4/smem23552/kernel_cached,0.29992,5.597e-04
RESULT,512,fused_fp16acc_bf16io,16x64/w4/occ4/smem23552/kernel_cached,0.27714,2.424e-03
SELECT,512,fused_fp16acc_bf16io,32x32/w4/occ9/smem10240/kernel_cached,0.11651,2.401751558e-03,1.000000000e-02,bf16
MEMORY,512,hybrid,141642752,0,27.911,29696,0,0.032,94.239
RESULT,1024,cufft_pipeline_fp32,-,1.86479,2.733e-07
RESULT,1024,cufft_core_fp32,-,1.36044,2.733e-07
RESULT,1024,fused_fp32io,64x32/w4/occ3/smem32768/kernel_legacy,0.44700,3.355e-04
RESULT,1024,fused_bf16io,64x32/w4/occ3/smem32768/kernel_legacy,0.44424,2.363e-03
RESULT,1024,fused_fp16acc_fp32io,64x32/w4/occ3/smem30720/kernel_legacy,0.40588,6.085e-04
RESULT,1024,fused_fp16acc_bf16io,64x32/w4/occ3/smem30720/kernel_legacy,0.39358,2.435e-03
RESULT,1024,fused_fp32io,64x32/w4/occ3/smem32768/kernel_cached,0.43879,3.355e-04
RESULT,1024,fused_bf16io,64x32/w4/occ3/smem32768/kernel_cached,0.40876,2.363e-03
RESULT,1024,fused_fp16acc_fp32io,64x32/w4/occ3/smem30720/kernel_cached,0.41456,6.085e-04
RESULT,1024,fused_fp16acc_bf16io,64x32/w4/occ3/smem30720/kernel_cached,0.37211,2.435e-03
RESULT,1024,fused_fp32io,32x64/w4/occ3/smem32768/kernel_legacy,0.60068,3.371e-04
RESULT,1024,fused_bf16io,32x64/w4/occ3/smem32768/kernel_legacy,0.61024,2.364e-03
RESULT,1024,fused_fp16acc_fp32io,32x64/w4/occ3/smem30720/kernel_legacy,0.58556,5.783e-04
RESULT,1024,fused_fp16acc_bf16io,32x64/w4/occ3/smem30720/kernel_legacy,0.53937,2.410e-03
RESULT,1024,fused_fp32io,32x64/w4/occ3/smem32768/kernel_cached,0.58031,3.371e-04
RESULT,1024,fused_bf16io,32x64/w4/occ3/smem32768/kernel_cached,0.58763,2.364e-03
RESULT,1024,fused_fp16acc_fp32io,32x64/w4/occ3/smem30720/kernel_cached,0.57412,5.783e-04
RESULT,1024,fused_fp16acc_bf16io,32x64/w4/occ3/smem30720/kernel_cached,0.51494,2.410e-03
RESULT,1024,fused_fp32io,64x32/w8/occ2/smem36864/kernel_legacy,0.52285,3.355e-04
RESULT,1024,fused_bf16io,64x32/w8/occ2/smem36864/kernel_legacy,0.46359,2.363e-03
RESULT,1024,fused_fp16acc_fp32io,64x32/w8/occ3/smem32768/kernel_legacy,0.39034,6.085e-04
RESULT,1024,fused_fp16acc_bf16io,64x32/w8/occ3/smem32768/kernel_legacy,0.36460,2.435e-03
RESULT,1024,fused_fp32io,64x32/w8/occ2/smem36864/kernel_cached,0.49055,3.355e-04
RESULT,1024,fused_bf16io,64x32/w8/occ2/smem36864/kernel_cached,0.45436,2.363e-03
RESULT,1024,fused_fp16acc_fp32io,64x32/w8/occ3/smem32768/kernel_cached,0.38991,6.085e-04
RESULT,1024,fused_fp16acc_bf16io,64x32/w8/occ3/smem32768/kernel_cached,0.33724,2.435e-03
RESULT,1024,fused_fp32io,32x64/w8/occ2/smem36864/kernel_legacy,0.68219,3.371e-04
RESULT,1024,fused_bf16io,32x64/w8/occ2/smem36864/kernel_legacy,0.64737,2.364e-03
RESULT,1024,fused_fp16acc_fp32io,32x64/w8/occ3/smem32768/kernel_legacy,0.54707,5.783e-04
RESULT,1024,fused_fp16acc_bf16io,32x64/w8/occ3/smem32768/kernel_legacy,0.50517,2.410e-03
RESULT,1024,fused_fp32io,32x64/w8/occ2/smem36864/kernel_cached,0.61696,3.371e-04
RESULT,1024,fused_bf16io,32x64/w8/occ2/smem36864/kernel_cached,0.64261,2.364e-03
RESULT,1024,fused_fp16acc_fp32io,32x64/w8/occ3/smem32768/kernel_cached,0.53230,5.783e-04
RESULT,1024,fused_fp16acc_bf16io,32x64/w8/occ3/smem32768/kernel_cached,0.48504,2.410e-03
SELECT,1024,fused_fp16acc_bf16io,64x32/w8/occ3/smem32768/kernel_cached,0.33724,2.435428487e-03,1.000000000e-02,bf16
MEMORY,1024,hybrid,283208704,0,45.612,37888,0,0.032,178.919
RESULT,2048,cufft_pipeline_fp32,-,4.01238,2.957e-07
RESULT,2048,cufft_core_fp32,-,3.09064,2.957e-07
RESULT,2048,fused_fp32io,16x16x16/w4/occ4/smem21504/kernel_legacy,0.76269,4.697e-04
RESULT,2048,fused_bf16io,16x16x16/w4/occ4/smem21504/kernel_legacy,0.64960,2.386e-03
RESULT,2048,fused_fp16acc_fp32io,16x16x16/w4/occ5/smem19456/kernel_legacy,0.72632,6.275e-04
RESULT,2048,fused_fp16acc_bf16io,16x16x16/w4/occ5/smem19456/kernel_legacy,0.52028,2.440e-03
RESULT,2048,fused_fp32io,16x16x16/w4/occ4/smem21504/kernel_cached,0.77217,4.697e-04
RESULT,2048,fused_bf16io,16x16x16/w4/occ4/smem21504/kernel_cached,0.69153,2.386e-03
RESULT,2048,fused_fp16acc_fp32io,16x16x16/w4/occ5/smem19456/kernel_cached,0.68582,6.275e-04
RESULT,2048,fused_fp16acc_bf16io,16x16x16/w4/occ5/smem19456/kernel_cached,0.55000,2.440e-03
RESULT,2048,fused_fp32io,16x16x16/w8/occ3/smem25600/kernel_legacy,0.75471,4.697e-04
RESULT,2048,fused_bf16io,16x16x16/w8/occ3/smem25600/kernel_legacy,0.64871,2.386e-03
RESULT,2048,fused_fp16acc_fp32io,16x16x16/w8/occ4/smem21504/kernel_legacy,0.72209,6.275e-04
RESULT,2048,fused_fp16acc_bf16io,16x16x16/w8/occ4/smem21504/kernel_legacy,0.52968,2.440e-03
RESULT,2048,fused_fp32io,16x16x16/w8/occ3/smem25600/kernel_cached,0.79028,4.697e-04
RESULT,2048,fused_bf16io,16x16x16/w8/occ3/smem25600/kernel_cached,0.66049,2.386e-03
RESULT,2048,fused_fp16acc_fp32io,16x16x16/w8/occ4/smem21504/kernel_cached,0.75202,6.275e-04
RESULT,2048,fused_fp16acc_bf16io,16x16x16/w8/occ4/smem21504/kernel_cached,0.49727,2.440e-03
RESULT,2048,fused_fp32io,64x64/w8/occ2/smem40960/kernel_legacy,1.34481,3.381e-04
RESULT,2048,fused_bf16io,64x64/w8/occ2/smem40960/kernel_legacy,1.21307,2.363e-03
RESULT,2048,fused_fp16acc_fp32io,64x64/w8/occ2/smem36864/kernel_legacy,1.28704,6.417e-04
RESULT,2048,fused_fp16acc_bf16io,64x64/w8/occ2/smem36864/kernel_legacy,1.13984,2.443e-03
RESULT,2048,fused_fp32io,64x64/w8/occ2/smem40960/kernel_cached,1.34476,3.381e-04
RESULT,2048,fused_bf16io,64x64/w8/occ2/smem40960/kernel_cached,1.25420,2.363e-03
RESULT,2048,fused_fp16acc_fp32io,64x64/w8/occ2/smem36864/kernel_cached,1.25856,6.417e-04
RESULT,2048,fused_fp16acc_bf16io,64x64/w8/occ2/smem36864/kernel_cached,1.16551,2.443e-03
RESULT,2048,fused_fp32io,64x64/w4/occ2/smem36864/kernel_legacy,1.35006,3.381e-04
RESULT,2048,fused_bf16io,64x64/w4/occ2/smem36864/kernel_legacy,1.23341,2.363e-03
RESULT,2048,fused_fp16acc_fp32io,64x64/w4/occ2/smem34816/kernel_legacy,1.30593,6.417e-04
RESULT,2048,fused_fp16acc_bf16io,64x64/w4/occ2/smem34816/kernel_legacy,1.16977,2.443e-03
RESULT,2048,fused_fp32io,64x64/w4/occ2/smem36864/kernel_cached,1.32721,3.381e-04
RESULT,2048,fused_bf16io,64x64/w4/occ2/smem36864/kernel_cached,1.21501,2.363e-03
RESULT,2048,fused_fp16acc_fp32io,64x64/w4/occ2/smem34816/kernel_cached,1.30410,6.417e-04
RESULT,2048,fused_fp16acc_bf16io,64x64/w4/occ2/smem34816/kernel_cached,1.19983,2.443e-03
SELECT,2048,fused_fp16acc_bf16io,16x16x16/w8/occ4/smem21504/kernel_cached,0.49727,2.439660081e-03,1.000000000e-02,bf16
MEMORY,2048,hybrid,566340608,0,96.838,54272,0,0.031,361.791
RESULT,4096,cufft_pipeline_fp32,-,8.12398,3.081e-07
RESULT,4096,cufft_core_fp32,-,6.01567,3.081e-07
RESULT,4096,fused_fp32io,32x16x16/w4/occ2/smem41984/kernel_legacy,1.98614,4.284e-04
RESULT,4096,fused_bf16io,32x16x16/w4/occ2/smem41984/kernel_legacy,1.81961,2.379e-03
RESULT,4096,fused_fp16acc_fp32io,32x16x16/w4/occ2/smem39936/kernel_legacy,1.89507,6.205e-04
RESULT,4096,fused_fp16acc_bf16io,32x16x16/w4/occ2/smem39936/kernel_legacy,1.60706,2.421e-03
RESULT,4096,fused_fp32io,32x16x16/w4/occ2/smem41984/kernel_cached,1.99491,4.284e-04
RESULT,4096,fused_bf16io,32x16x16/w4/occ2/smem41984/kernel_cached,1.76518,2.379e-03
RESULT,4096,fused_fp16acc_fp32io,32x16x16/w4/occ2/smem39936/kernel_cached,1.95756,6.205e-04
RESULT,4096,fused_fp16acc_bf16io,32x16x16/w4/occ2/smem39936/kernel_cached,1.55782,2.421e-03
RESULT,4096,fused_fp32io,16x32x16/w4/occ2/smem41984/kernel_legacy,2.07114,4.261e-04
RESULT,4096,fused_bf16io,16x32x16/w4/occ2/smem41984/kernel_legacy,2.03790,2.378e-03
RESULT,4096,fused_fp16acc_fp32io,16x32x16/w4/occ2/smem39936/kernel_legacy,1.93263,6.169e-04
RESULT,4096,fused_fp16acc_bf16io,16x32x16/w4/occ2/smem39936/kernel_legacy,1.84942,2.438e-03
RESULT,4096,fused_fp32io,16x32x16/w4/occ2/smem41984/kernel_cached,2.09386,4.261e-04
RESULT,4096,fused_bf16io,16x32x16/w4/occ2/smem41984/kernel_cached,2.06819,2.378e-03
RESULT,4096,fused_fp16acc_fp32io,16x32x16/w4/occ2/smem39936/kernel_cached,2.08818,6.169e-04
RESULT,4096,fused_fp16acc_bf16io,16x32x16/w4/occ2/smem39936/kernel_cached,1.92487,2.438e-03
RESULT,4096,fused_fp32io,16x16x32/w4/occ2/smem41984/kernel_legacy,2.22628,4.252e-04
RESULT,4096,fused_bf16io,16x16x32/w4/occ2/smem41984/kernel_legacy,2.17785,2.378e-03
RESULT,4096,fused_fp16acc_fp32io,16x16x32/w4/occ2/smem39936/kernel_legacy,1.95742,6.150e-04
RESULT,4096,fused_fp16acc_bf16io,16x16x32/w4/occ2/smem39936/kernel_legacy,1.86682,2.438e-03
RESULT,4096,fused_fp32io,16x16x32/w4/occ2/smem41984/kernel_cached,2.27236,4.252e-04
RESULT,4096,fused_bf16io,16x16x32/w4/occ2/smem41984/kernel_cached,2.21094,2.378e-03
RESULT,4096,fused_fp16acc_fp32io,16x16x32/w4/occ2/smem39936/kernel_cached,2.00429,6.150e-04
RESULT,4096,fused_fp16acc_bf16io,16x16x32/w4/occ2/smem39936/kernel_cached,1.90562,2.438e-03
RESULT,4096,fused_fp32io,32x16x16/w8/occ2/smem46080/kernel_legacy,1.88556,4.284e-04
RESULT,4096,fused_bf16io,32x16x16/w8/occ2/smem46080/kernel_legacy,1.41063,2.379e-03
RESULT,4096,fused_fp16acc_fp32io,32x16x16/w8/occ2/smem41984/kernel_legacy,1.99983,6.205e-04
RESULT,4096,fused_fp16acc_bf16io,32x16x16/w8/occ2/smem41984/kernel_legacy,1.11795,2.421e-03
RESULT,4096,fused_fp32io,32x16x16/w8/occ2/smem46080/kernel_cached,1.98647,4.284e-04
RESULT,4096,fused_bf16io,32x16x16/w8/occ2/smem46080/kernel_cached,1.44494,2.379e-03
RESULT,4096,fused_fp16acc_fp32io,32x16x16/w8/occ2/smem41984/kernel_cached,1.97400,6.205e-04
RESULT,4096,fused_fp16acc_bf16io,32x16x16/w8/occ2/smem41984/kernel_cached,1.16757,2.421e-03
RESULT,4096,fused_fp32io,16x16x32/w8/occ2/smem46080/kernel_legacy,1.94447,4.252e-04
RESULT,4096,fused_bf16io,16x16x32/w8/occ2/smem46080/kernel_legacy,2.00251,2.378e-03
RESULT,4096,fused_fp16acc_fp32io,16x16x32/w8/occ2/smem41984/kernel_legacy,1.81931,6.150e-04
RESULT,4096,fused_fp16acc_bf16io,16x16x32/w8/occ2/smem41984/kernel_legacy,1.41945,2.438e-03
RESULT,4096,fused_fp32io,16x16x32/w8/occ2/smem46080/kernel_cached,1.95761,4.252e-04
RESULT,4096,fused_bf16io,16x16x32/w8/occ2/smem46080/kernel_cached,1.95781,2.378e-03
RESULT,4096,fused_fp16acc_fp32io,16x16x32/w8/occ2/smem41984/kernel_cached,1.81658,6.150e-04
RESULT,4096,fused_fp16acc_bf16io,16x16x32/w8/occ2/smem41984/kernel_cached,1.37432,2.438e-03
SELECT,4096,fused_fp16acc_bf16io,32x16x16/w8/occ2/smem41984/kernel_legacy,1.11795,2.421442903e-03,1.000000000e-02,bf16
MEMORY,4096,hybrid,1132604416,0,192.446,87040,0,0.033,721.165
RESULT,8192,cufft_pipeline_fp32,-,16.09646,3.684e-07
RESULT,8192,cufft_core_fp32,-,11.79088,3.684e-07
RESULT,8192,fused_fp32io,32x32x16/w4/occ1/smem74752/kernel_legacy,5.39347,3.972e-04
RESULT,8192,fused_bf16io,32x32x16/w4/occ1/smem74752/kernel_legacy,4.96537,2.373e-03
RESULT,8192,fused_fp16acc_fp32io,32x32x16/w4/occ1/smem72704/kernel_legacy,5.61929,6.199e-04
RESULT,8192,fused_fp16acc_bf16io,32x32x16/w4/occ1/smem72704/kernel_legacy,4.73322,2.420e-03
RESULT,8192,fused_fp32io,32x32x16/w4/occ1/smem74752/kernel_cached,5.43394,3.972e-04
RESULT,8192,fused_bf16io,32x32x16/w4/occ1/smem74752/kernel_cached,5.00377,2.373e-03
RESULT,8192,fused_fp16acc_fp32io,32x32x16/w4/occ1/smem72704/kernel_cached,5.48609,6.199e-04
RESULT,8192,fused_fp16acc_bf16io,32x32x16/w4/occ1/smem72704/kernel_cached,4.78225,2.420e-03
RESULT,8192,fused_fp32io,16x32x32/w4/occ1/smem74752/kernel_legacy,5.73733,3.944e-04
RESULT,8192,fused_bf16io,16x32x32/w4/occ1/smem74752/kernel_legacy,5.60352,2.372e-03
RESULT,8192,fused_fp16acc_fp32io,16x32x32/w4/occ1/smem72704/kernel_legacy,5.83908,6.140e-04
RESULT,8192,fused_fp16acc_bf16io,16x32x32/w4/occ1/smem72704/kernel_legacy,5.08596,2.436e-03
RESULT,8192,fused_fp32io,16x32x32/w4/occ1/smem74752/kernel_cached,5.67045,3.944e-04
RESULT,8192,fused_bf16io,16x32x32/w4/occ1/smem74752/kernel_cached,5.70927,2.372e-03
RESULT,8192,fused_fp16acc_fp32io,16x32x32/w4/occ1/smem72704/kernel_cached,5.70301,6.140e-04
RESULT,8192,fused_fp16acc_bf16io,16x32x32/w4/occ1/smem72704/kernel_cached,5.08670,2.436e-03
RESULT,8192,fused_fp32io,64x16x16/w4/occ1/smem87040/kernel_legacy,5.93656,4.271e-04
RESULT,8192,fused_bf16io,64x16x16/w4/occ1/smem87040/kernel_legacy,5.22516,2.378e-03
RESULT,8192,fused_fp16acc_fp32io,64x16x16/w4/occ1/smem84992/kernel_legacy,5.64057,6.794e-04
RESULT,8192,fused_fp16acc_bf16io,64x16x16/w4/occ1/smem84992/kernel_legacy,4.87509,2.454e-03
RESULT,8192,fused_fp32io,64x16x16/w4/occ1/smem87040/kernel_cached,6.03722,4.271e-04
RESULT,8192,fused_bf16io,64x16x16/w4/occ1/smem87040/kernel_cached,5.24376,2.378e-03
RESULT,8192,fused_fp16acc_fp32io,64x16x16/w4/occ1/smem84992/kernel_cached,5.69693,6.794e-04
RESULT,8192,fused_fp16acc_bf16io,64x16x16/w4/occ1/smem84992/kernel_cached,4.91156,2.454e-03
RESULT,8192,fused_fp32io,32x32x16/w8/occ1/smem78848/kernel_legacy,4.80932,3.972e-04
RESULT,8192,fused_bf16io,32x32x16/w8/occ1/smem78848/kernel_legacy,4.11144,2.373e-03
RESULT,8192,fused_fp16acc_fp32io,32x32x16/w8/occ1/smem74752/kernel_legacy,4.85777,6.199e-04
RESULT,8192,fused_fp16acc_bf16io,32x32x16/w8/occ1/smem74752/kernel_legacy,3.76998,2.420e-03
RESULT,8192,fused_fp32io,32x32x16/w8/occ1/smem78848/kernel_cached,4.73553,3.972e-04
RESULT,8192,fused_bf16io,32x32x16/w8/occ1/smem78848/kernel_cached,4.13063,2.373e-03
RESULT,8192,fused_fp16acc_fp32io,32x32x16/w8/occ1/smem74752/kernel_cached,4.82989,6.199e-04
RESULT,8192,fused_fp16acc_bf16io,32x32x16/w8/occ1/smem74752/kernel_cached,3.72262,2.420e-03
RESULT,8192,fused_fp32io,16x32x32/w8/occ1/smem78848/kernel_legacy,5.23759,3.944e-04
RESULT,8192,fused_bf16io,16x32x32/w8/occ1/smem78848/kernel_legacy,4.89158,2.372e-03
RESULT,8192,fused_fp16acc_fp32io,16x32x32/w8/occ1/smem74752/kernel_legacy,4.94586,6.140e-04
RESULT,8192,fused_fp16acc_bf16io,16x32x32/w8/occ1/smem74752/kernel_legacy,4.20798,2.436e-03
RESULT,8192,fused_fp32io,16x32x32/w8/occ1/smem78848/kernel_cached,5.33447,3.944e-04
RESULT,8192,fused_bf16io,16x32x32/w8/occ1/smem78848/kernel_cached,4.96532,2.372e-03
RESULT,8192,fused_fp16acc_fp32io,16x32x32/w8/occ1/smem74752/kernel_cached,4.92394,6.140e-04
RESULT,8192,fused_fp16acc_bf16io,16x32x32/w8/occ1/smem74752/kernel_cached,4.29494,2.436e-03
RESULT,8192,fused_fp32io,16x16x64/w8/occ1/smem91136/kernel_legacy,6.74808,4.258e-04
RESULT,8192,fused_bf16io,16x16x64/w8/occ1/smem91136/kernel_legacy,6.32372,2.378e-03
RESULT,8192,fused_fp16acc_fp32io,16x16x64/w8/occ1/smem87040/kernel_legacy,6.34907,6.463e-04
RESULT,8192,fused_fp16acc_bf16io,16x16x64/w8/occ1/smem87040/kernel_legacy,5.75710,2.445e-03
RESULT,8192,fused_fp32io,16x16x64/w8/occ1/smem91136/kernel_cached,6.75306,4.258e-04
RESULT,8192,fused_bf16io,16x16x64/w8/occ1/smem91136/kernel_cached,6.41242,2.378e-03
RESULT,8192,fused_fp16acc_fp32io,16x16x64/w8/occ1/smem87040/kernel_cached,6.36983,6.463e-04
RESULT,8192,fused_fp16acc_bf16io,16x16x64/w8/occ1/smem87040/kernel_cached,5.77053,2.445e-03
SELECT,8192,fused_fp16acc_bf16io,32x32x16/w8/occ1/smem74752/kernel_cached,3.72262,2.420119196e-03,1.000000000e-02,bf16
MEMORY,8192,hybrid,2265132032,0,373.443,152576,0,0.053,1430.657
RUN,optimized,1,managed,auto,9605cb2a0130671ecdb98bae79ac598e28bf2d6b
# MEMORY_CAPS,mapped=1,managed=1,concurrent_managed=1,pageable=1,host_page_tables=1,integrated=1
# NVIDIA GB10 sm_121 48 SMs, smem/block 101376, L2 24 MB, B=8 H=768
# calibration seed=88172645463325252, input_scale=1.000000000e+00, max_error=1.000000000e-02, io=bf16,allocator=managed,kernel=auto
RESULT,128,cufft_pipeline_fp32,-,0.24145,2.401e-07
RESULT,128,cufft_core_fp32,-,0.16196,2.401e-07
RESULT,128,fused_fp32io,16x16/w4/occ10/smem6144/kernel_legacy,0.03206,3.814e-04
RESULT,128,fused_bf16io,16x16/w4/occ10/smem6144/kernel_legacy,0.03157,2.367e-03
RESULT,128,fused_fp16acc_fp32io,16x16/w4/occ12/smem4096/kernel_legacy,0.02746,5.244e-04
RESULT,128,fused_fp16acc_bf16io,16x16/w4/occ12/smem4096/kernel_legacy,0.02597,2.415e-03
RESULT,128,fused_fp32io,16x16/w4/occ10/smem6144/kernel_cached,0.03074,3.814e-04
RESULT,128,fused_bf16io,16x16/w4/occ10/smem6144/kernel_cached,0.03087,2.367e-03
RESULT,128,fused_fp16acc_fp32io,16x16/w4/occ12/smem4096/kernel_cached,0.02626,5.244e-04
RESULT,128,fused_fp16acc_bf16io,16x16/w4/occ12/smem4096/kernel_cached,0.02432,2.415e-03
RESULT,128,fused_fp32io,16x16/w8/occ5/smem10240/kernel_legacy,0.04304,3.814e-04
RESULT,128,fused_bf16io,16x16/w8/occ5/smem10240/kernel_legacy,0.04507,2.367e-03
RESULT,128,fused_fp16acc_fp32io,16x16/w8/occ6/smem6144/kernel_legacy,0.03666,5.244e-04
RESULT,128,fused_fp16acc_bf16io,16x16/w8/occ6/smem6144/kernel_legacy,0.03679,2.415e-03
RESULT,128,fused_fp32io,16x16/w8/occ5/smem10240/kernel_cached,0.04300,3.814e-04
RESULT,128,fused_bf16io,16x16/w8/occ5/smem10240/kernel_cached,0.04104,2.367e-03
RESULT,128,fused_fp16acc_fp32io,16x16/w8/occ6/smem6144/kernel_cached,0.03278,5.244e-04
RESULT,128,fused_fp16acc_bf16io,16x16/w8/occ6/smem6144/kernel_cached,0.03317,2.415e-03
SELECT,128,fused_fp16acc_bf16io,16x16/w4/occ12/smem4096/kernel_cached,0.02432,2.414541959e-03,1.000000000e-02,bf16
MEMORY,128,managed,35468288,0,179.470,0,0,0.000,208.544
RESULT,256,cufft_pipeline_fp32,-,0.62771,2.335e-07
RESULT,256,cufft_core_fp32,-,0.41173,2.335e-07
RESULT,256,fused_fp32io,32x16/w4/occ8/smem11264/kernel_legacy,0.07895,3.520e-04
RESULT,256,fused_bf16io,32x16/w4/occ8/smem11264/kernel_legacy,0.06357,2.371e-03
RESULT,256,fused_fp16acc_fp32io,32x16/w4/occ10/smem9216/kernel_legacy,0.07701,5.324e-04
RESULT,256,fused_fp16acc_bf16io,32x16/w4/occ10/smem9216/kernel_legacy,0.05536,2.404e-03
RESULT,256,fused_fp32io,32x16/w4/occ8/smem11264/kernel_cached,0.09008,3.520e-04
RESULT,256,fused_bf16io,32x16/w4/occ8/smem11264/kernel_cached,0.05940,2.371e-03
RESULT,256,fused_fp16acc_fp32io,32x16/w4/occ10/smem9216/kernel_cached,0.07716,5.324e-04
RESULT,256,fused_fp16acc_bf16io,32x16/w4/occ10/smem9216/kernel_cached,0.05078,2.404e-03
RESULT,256,fused_fp32io,16x32/w4/occ8/smem11264/kernel_legacy,0.10379,3.457e-04
RESULT,256,fused_bf16io,16x32/w4/occ8/smem11264/kernel_legacy,0.07999,2.369e-03
RESULT,256,fused_fp16acc_fp32io,16x32/w4/occ9/smem9216/kernel_legacy,0.10028,5.220e-04
RESULT,256,fused_fp16acc_bf16io,16x32/w4/occ9/smem9216/kernel_legacy,0.06963,2.419e-03
RESULT,256,fused_fp32io,16x32/w4/occ8/smem11264/kernel_cached,0.10130,3.457e-04
RESULT,256,fused_bf16io,16x32/w4/occ8/smem11264/kernel_cached,0.07933,2.369e-03
RESULT,256,fused_fp16acc_fp32io,16x32/w4/occ9/smem9216/kernel_cached,0.09495,5.220e-04
RESULT,256,fused_fp16acc_bf16io,16x32/w4/occ9/smem9216/kernel_cached,0.06346,2.419e-03
RESULT,256,fused_fp32io,32x16/w8/occ5/smem15360/kernel_legacy,0.08416,3.520e-04
RESULT,256,fused_bf16io,32x16/w8/occ5/smem15360/kernel_legacy,0.07168,2.371e-03
RESULT,256,fused_fp16acc_fp32io,32x16/w8/occ6/smem11264/kernel_legacy,0.09110,5.324e-04
RESULT,256,fused_fp16acc_bf16io,32x16/w8/occ6/smem11264/kernel_legacy,0.06199,2.404e-03
RESULT,256,fused_fp32io,32x16/w8/occ5/smem15360/kernel_cached,0.07822,3.520e-04
RESULT,256,fused_bf16io,32x16/w8/occ5/smem15360/kernel_cached,0.06873,2.371e-03
RESULT,256,fused_fp16acc_fp32io,32x16/w8/occ6/smem11264/kernel_cached,0.07499,5.324e-04
RESULT,256,fused_fp16acc_bf16io,32x16/w8/occ6/smem11264/kernel_cached,0.05133,2.404e-03
SELECT,256,fused_fp16acc_bf16io,32x16/w4/occ10/smem9216/kernel_cached,0.05078,2.403527438e-03,1.000000000e-02,bf16
MEMORY,256,managed,70859776,0,0.078,0,0,0.000,47.336
RESULT,512,cufft_pipeline_fp32,-,1.26692,3.433e-07
RESULT,512,cufft_core_fp32,-,0.81534,3.433e-07
RESULT,512,fused_fp32io,32x32/w4/occ7/smem12288/kernel_legacy,0.21632,3.344e-04
RESULT,512,fused_bf16io,32x32/w4/occ7/smem12288/kernel_legacy,0.14378,2.363e-03
RESULT,512,fused_fp16acc_fp32io,32x32/w4/occ9/smem10240/kernel_legacy,0.22508,5.420e-04
RESULT,512,fused_fp16acc_bf16io,32x32/w4/occ9/smem10240/kernel_legacy,0.13660,2.402e-03
RESULT,512,fused_fp32io,32x32/w4/occ7/smem12288/kernel_cached,0.21677,3.344e-04
RESULT,512,fused_bf16io,32x32/w4/occ7/smem12288/kernel_cached,0.14994,2.363e-03
RESULT,512,fused_fp16acc_fp32io,32x32/w4/occ9/smem10240/kernel_cached,0.21399,5.420e-04
RESULT,512,fused_fp16acc_bf16io,32x32/w4/occ9/smem10240/kernel_cached,0.14563,2.402e-03
RESULT,512,fused_fp32io,32x32/w8/occ4/smem16384/kernel_legacy,0.24996,3.344e-04
RESULT,512,fused_bf16io,32x32/w8/occ4/smem16384/kernel_legacy,0.17783,2.363e-03
RESULT,512,fused_fp16acc_fp32io,32x32/w8/occ4/smem12288/kernel_legacy,0.24930,5.420e-04
RESULT,512,fused_fp16acc_bf16io,32x32/w8/occ4/smem12288/kernel_legacy,0.17438,2.402e-03
RESULT,512,fused_fp32io,32x32/w8/occ4/smem16384/kernel_cached,0.23062,3.344e-04
RESULT,512,fused_bf16io,32x32/w8/occ4/smem16384/kernel_cached,0.16285,2.363e-03
RESULT,512,fused_fp16acc_fp32io,32x32/w8/occ4/smem12288/kernel_cached,0.22845,5.420e-04
RESULT,512,fused_fp16acc_bf16io,32x32/w8/occ4/smem12288/kernel_cached,0.16034,2.402e-03
RESULT,512,fused_fp32io,64x16/w4/occ3/smem25600/kernel_legacy,0.27184,3.522e-04
RESULT,512,fused_bf16io,64x16/w4/occ3/smem25600/kernel_legacy,0.26812,2.365e-03
RESULT,512,fused_fp16acc_fp32io,64x16/w4/occ4/smem23552/kernel_legacy,0.23783,5.993e-04
RESULT,512,fused_fp16acc_bf16io,64x16/w4/occ4/smem23552/kernel_legacy,0.20051,2.433e-03
RESULT,512,fused_fp32io,64x16/w4/occ3/smem25600/kernel_cached,0.26169,3.522e-04
RESULT,512,fused_bf16io,64x16/w4/occ3/smem25600/kernel_cached,0.22895,2.365e-03
RESULT,512,fused_fp16acc_fp32io,64x16/w4/occ4/smem23552/kernel_cached,0.22993,5.993e-04
RESULT,512,fused_fp16acc_bf16io,64x16/w4/occ4/smem23552/kernel_cached,0.18083,2.433e-03
RESULT,512,fused_fp32io,16x64/w4/occ3/smem25600/kernel_legacy,0.42874,3.468e-04
RESULT,512,fused_bf16io,16x64/w4/occ3/smem25600/kernel_legacy,0.42178,2.365e-03
RESULT,512,fused_fp16acc_fp32io,16x64/w4/occ4/smem23552/kernel_legacy,0.35221,5.597e-04
RESULT,512,fused_fp16acc_bf16io,16x64/w4/occ4/smem23552/kernel_legacy,0.32208,2.424e-03
RESULT,512,fused_fp32io,16x64/w4/occ3/smem25600/kernel_cached,0.40818,3.468e-04
RESULT,512,fused_bf16io,16x64/w4/occ3/smem25600/kernel_cached,0.37880,2.365e-03
RESULT,512,fused_fp16acc_fp32io,16x64/w4/occ4/smem23552/kernel_cached,0.32838,5.597e-04
RESULT,512,fused_fp16acc_bf16io,16x64/w4/occ4/smem23552/kernel_cached,0.29695,2.424e-03
SELECT,512,fused_fp16acc_bf16io,32x32/w4/occ9/smem10240/kernel_legacy,0.13660,2.401751558e-03,1.000000000e-02,bf16
MEMORY,512,managed,141642752,0,0.082,0,0,0.000,94.016
RESULT,1024,cufft_pipeline_fp32,-,2.56790,2.733e-07
RESULT,1024,cufft_core_fp32,-,1.83502,2.733e-07
RESULT,1024,fused_fp32io,64x32/w4/occ3/smem32768/kernel_legacy,0.48098,3.355e-04
RESULT,1024,fused_bf16io,64x32/w4/occ3/smem32768/kernel_legacy,0.43648,2.363e-03
RESULT,1024,fused_fp16acc_fp32io,64x32/w4/occ3/smem30720/kernel_legacy,0.54136,6.085e-04
RESULT,1024,fused_fp16acc_bf16io,64x32/w4/occ3/smem30720/kernel_legacy,0.40019,2.435e-03
RESULT,1024,fused_fp32io,64x32/w4/occ3/smem32768/kernel_cached,0.45333,3.355e-04
RESULT,1024,fused_bf16io,64x32/w4/occ3/smem32768/kernel_cached,0.45331,2.363e-03
RESULT,1024,fused_fp16acc_fp32io,64x32/w4/occ3/smem30720/kernel_cached,0.43395,6.085e-04
RESULT,1024,fused_fp16acc_bf16io,64x32/w4/occ3/smem30720/kernel_cached,0.42863,2.435e-03
RESULT,1024,fused_fp32io,32x64/w4/occ3/smem32768/kernel_legacy,0.64928,3.371e-04
RESULT,1024,fused_bf16io,32x64/w4/occ3/smem32768/kernel_legacy,0.59570,2.364e-03
RESULT,1024,fused_fp16acc_fp32io,32x64/w4/occ3/smem30720/kernel_legacy,0.62547,5.783e-04
RESULT,1024,fused_fp16acc_bf16io,32x64/w4/occ3/smem30720/kernel_legacy,0.59375,2.410e-03
RESULT,1024,fused_fp32io,32x64/w4/occ3/smem32768/kernel_cached,0.64931,3.371e-04
RESULT,1024,fused_bf16io,32x64/w4/occ3/smem32768/kernel_cached,0.59736,2.364e-03
RESULT,1024,fused_fp16acc_fp32io,32x64/w4/occ3/smem30720/kernel_cached,0.61266,5.783e-04
RESULT,1024,fused_fp16acc_bf16io,32x64/w4/occ3/smem30720/kernel_cached,0.52508,2.410e-03
RESULT,1024,fused_fp32io,64x32/w8/occ2/smem36864/kernel_legacy,0.56499,3.355e-04
RESULT,1024,fused_bf16io,64x32/w8/occ2/smem36864/kernel_legacy,0.52314,2.363e-03
RESULT,1024,fused_fp16acc_fp32io,64x32/w8/occ3/smem32768/kernel_legacy,0.50191,6.085e-04
RESULT,1024,fused_fp16acc_bf16io,64x32/w8/occ3/smem32768/kernel_legacy,0.40964,2.435e-03
RESULT,1024,fused_fp32io,64x32/w8/occ2/smem36864/kernel_cached,0.54810,3.355e-04
RESULT,1024,fused_bf16io,64x32/w8/occ2/smem36864/kernel_cached,0.45538,2.363e-03
RESULT,1024,fused_fp16acc_fp32io,64x32/w8/occ3/smem32768/kernel_cached,0.44286,6.085e-04
RESULT,1024,fused_fp16acc_bf16io,64x32/w8/occ3/smem32768/kernel_cached,0.34295,2.435e-03
RESULT,1024,fused_fp32io,32x64/w8/occ2/smem36864/kernel_legacy,0.70738,3.371e-04
RESULT,1024,fused_bf16io,32x64/w8/occ2/smem36864/kernel_legacy,0.66845,2.364e-03
RESULT,1024,fused_fp16acc_fp32io,32x64/w8/occ3/smem32768/kernel_legacy,0.66162,5.783e-04
RESULT,1024,fused_fp16acc_bf16io,32x64/w8/occ3/smem32768/kernel_legacy,0.52213,2.410e-03
RESULT,1024,fused_fp32io,32x64/w8/occ2/smem36864/kernel_cached,0.71912,3.371e-04
RESULT,1024,fused_bf16io,32x64/w8/occ2/smem36864/kernel_cached,0.62038,2.364e-03
RESULT,1024,fused_fp16acc_fp32io,32x64/w8/occ3/smem32768/kernel_cached,0.57895,5.783e-04
RESULT,1024,fused_fp16acc_bf16io,32x64/w8/occ3/smem32768/kernel_cached,0.49087,2.410e-03
SELECT,1024,fused_fp16acc_bf16io,64x32/w8/occ3/smem32768/kernel_cached,0.34295,2.435428487e-03,1.000000000e-02,bf16
MEMORY,1024,managed,283208704,0,0.084,0,0,0.000,176.095
RESULT,2048,cufft_pipeline_fp32,-,5.41754,2.957e-07
RESULT,2048,cufft_core_fp32,-,3.67777,2.957e-07
RESULT,2048,fused_fp32io,16x16x16/w4/occ4/smem21504/kernel_legacy,0.81377,4.697e-04
RESULT,2048,fused_bf16io,16x16x16/w4/occ4/smem21504/kernel_legacy,0.65792,2.386e-03
RESULT,2048,fused_fp16acc_fp32io,16x16x16/w4/occ5/smem19456/kernel_legacy,0.76461,6.275e-04
RESULT,2048,fused_fp16acc_bf16io,16x16x16/w4/occ5/smem19456/kernel_legacy,0.55732,2.440e-03
RESULT,2048,fused_fp32io,16x16x16/w4/occ4/smem21504/kernel_cached,0.80185,4.697e-04
RESULT,2048,fused_bf16io,16x16x16/w4/occ4/smem21504/kernel_cached,0.64001,2.386e-03
RESULT,2048,fused_fp16acc_fp32io,16x16x16/w4/occ5/smem19456/kernel_cached,0.76387,6.275e-04
RESULT,2048,fused_fp16acc_bf16io,16x16x16/w4/occ5/smem19456/kernel_cached,0.54261,2.440e-03
RESULT,2048,fused_fp32io,16x16x16/w8/occ3/smem25600/kernel_legacy,0.83252,4.697e-04
RESULT,2048,fused_bf16io,16x16x16/w8/occ3/smem25600/kernel_legacy,0.65220,2.386e-03
RESULT,2048,fused_fp16acc_fp32io,16x16x16/w8/occ4/smem21504/kernel_legacy,0.80564,6.275e-04
RESULT,2048,fused_fp16acc_bf16io,16x16x16/w8/occ4/smem21504/kernel_legacy,0.48910,2.440e-03
RESULT,2048,fused_fp32io,16x16x16/w8/occ3/smem25600/kernel_cached,0.79968,4.697e-04
RESULT,2048,fused_bf16io,16x16x16/w8/occ3/smem25600/kernel_cached,0.70950,2.386e-03
RESULT,2048,fused_fp16acc_fp32io,16x16x16/w8/occ4/smem21504/kernel_cached,0.84189,6.275e-04
RESULT,2048,fused_fp16acc_bf16io,16x16x16/w8/occ4/smem21504/kernel_cached,0.49002,2.440e-03
RESULT,2048,fused_fp32io,64x64/w8/occ2/smem40960/kernel_legacy,1.23657,3.381e-04
RESULT,2048,fused_bf16io,64x64/w8/occ2/smem40960/kernel_legacy,1.21479,2.363e-03
RESULT,2048,fused_fp16acc_fp32io,64x64/w8/occ2/smem36864/kernel_legacy,1.26528,6.417e-04
RESULT,2048,fused_fp16acc_bf16io,64x64/w8/occ2/smem36864/kernel_legacy,1.09274,2.443e-03
RESULT,2048,fused_fp32io,64x64/w8/occ2/smem40960/kernel_cached,1.28409,3.381e-04
RESULT,2048,fused_bf16io,64x64/w8/occ2/smem40960/kernel_cached,1.19671,2.363e-03
RESULT,2048,fused_fp16acc_fp32io,64x64/w8/occ2/smem36864/kernel_cached,1.21639,6.417e-04
RESULT,2048,fused_fp16acc_bf16io,64x64/w8/occ2/smem36864/kernel_cached,1.07583,2.443e-03
RESULT,2048,fused_fp32io,64x64/w4/occ2/smem36864/kernel_legacy,1.33272,3.381e-04
RESULT,2048,fused_bf16io,64x64/w4/occ2/smem36864/kernel_legacy,1.28023,2.363e-03
RESULT,2048,fused_fp16acc_fp32io,64x64/w4/occ2/smem34816/kernel_legacy,1.26082,6.417e-04
RESULT,2048,fused_fp16acc_bf16io,64x64/w4/occ2/smem34816/kernel_legacy,1.19711,2.443e-03
RESULT,2048,fused_fp32io,64x64/w4/occ2/smem36864/kernel_cached,1.29934,3.381e-04
RESULT,2048,fused_bf16io,64x64/w4/occ2/smem36864/kernel_cached,1.26549,2.363e-03
RESULT,2048,fused_fp16acc_fp32io,64x64/w4/occ2/smem34816/kernel_cached,1.17170,6.417e-04
RESULT,2048,fused_fp16acc_bf16io,64x64/w4/occ2/smem34816/kernel_cached,1.09927,2.443e-03
SELECT,2048,fused_fp16acc_bf16io,16x16x16/w8/occ4/smem21504/kernel_legacy,0.48910,2.439660081e-03,1.000000000e-02,bf16
MEMORY,2048,managed,566340608,0,0.087,0,0,0.000,337.646
RESULT,4096,cufft_pipeline_fp32,-,10.80646,3.081e-07
RESULT,4096,cufft_core_fp32,-,7.46603,3.081e-07
RESULT,4096,fused_fp32io,32x16x16/w4/occ2/smem41984/kernel_legacy,2.03224,4.284e-04
RESULT,4096,fused_bf16io,32x16x16/w4/occ2/smem41984/kernel_legacy,1.65308,2.379e-03
RESULT,4096,fused_fp16acc_fp32io,32x16x16/w4/occ2/smem39936/kernel_legacy,1.87527,6.205e-04
RESULT,4096,fused_fp16acc_bf16io,32x16x16/w4/occ2/smem39936/kernel_legacy,1.54841,2.421e-03
RESULT,4096,fused_fp32io,32x16x16/w4/occ2/smem41984/kernel_cached,2.14847,4.284e-04
RESULT,4096,fused_bf16io,32x16x16/w4/occ2/smem41984/kernel_cached,1.47628,2.379e-03
RESULT,4096,fused_fp16acc_fp32io,32x16x16/w4/occ2/smem39936/kernel_cached,1.93420,6.205e-04
RESULT,4096,fused_fp16acc_bf16io,32x16x16/w4/occ2/smem39936/kernel_cached,1.44436,2.421e-03
RESULT,4096,fused_fp32io,16x32x16/w4/occ2/smem41984/kernel_legacy,2.22633,4.261e-04
RESULT,4096,fused_bf16io,16x32x16/w4/occ2/smem41984/kernel_legacy,1.63380,2.378e-03
RESULT,4096,fused_fp16acc_fp32io,16x32x16/w4/occ2/smem39936/kernel_legacy,1.99682,6.169e-04
RESULT,4096,fused_fp16acc_bf16io,16x32x16/w4/occ2/smem39936/kernel_legacy,1.51351,2.438e-03
RESULT,4096,fused_fp32io,16x32x16/w4/occ2/smem41984/kernel_cached,2.36383,4.261e-04
RESULT,4096,fused_bf16io,16x32x16/w4/occ2/smem41984/kernel_cached,1.74632,2.378e-03
RESULT,4096,fused_fp16acc_fp32io,16x32x16/w4/occ2/smem39936/kernel_cached,2.30414,6.169e-04
RESULT,4096,fused_fp16acc_bf16io,16x32x16/w4/occ2/smem39936/kernel_cached,1.72164,2.438e-03
RESULT,4096,fused_fp32io,16x16x32/w4/occ2/smem41984/kernel_legacy,2.19696,4.252e-04
RESULT,4096,fused_bf16io,16x16x32/w4/occ2/smem41984/kernel_legacy,1.95851,2.378e-03
RESULT,4096,fused_fp16acc_fp32io,16x16x32/w4/occ2/smem39936/kernel_legacy,1.95733,6.150e-04
RESULT,4096,fused_fp16acc_bf16io,16x16x32/w4/occ2/smem39936/kernel_legacy,1.68613,2.438e-03
RESULT,4096,fused_fp32io,16x16x32/w4/occ2/smem41984/kernel_cached,2.54839,4.252e-04
RESULT,4096,fused_bf16io,16x16x32/w4/occ2/smem41984/kernel_cached,1.98241,2.378e-03
RESULT,4096,fused_fp16acc_fp32io,16x16x32/w4/occ2/smem39936/kernel_cached,2.09484,6.150e-04
RESULT,4096,fused_fp16acc_bf16io,16x16x32/w4/occ2/smem39936/kernel_cached,1.66295,2.438e-03
RESULT,4096,fused_fp32io,32x16x16/w8/occ2/smem46080/kernel_legacy,1.65788,4.284e-04
RESULT,4096,fused_bf16io,32x16x16/w8/occ2/smem46080/kernel_legacy,1.40393,2.379e-03
RESULT,4096,fused_fp16acc_fp32io,32x16x16/w8/occ2/smem41984/kernel_legacy,1.63235,6.205e-04
RESULT,4096,fused_fp16acc_bf16io,32x16x16/w8/occ2/smem41984/kernel_legacy,1.15110,2.421e-03
RESULT,4096,fused_fp32io,32x16x16/w8/occ2/smem46080/kernel_cached,1.80066,4.284e-04
RESULT,4096,fused_bf16io,32x16x16/w8/occ2/smem46080/kernel_cached,1.43004,2.379e-03
RESULT,4096,fused_fp16acc_fp32io,32x16x16/w8/occ2/smem41984/kernel_cached,1.63481,6.205e-04
RESULT,4096,fused_fp16acc_bf16io,32x16x16/w8/occ2/smem41984/kernel_cached,1.14085,2.421e-03
RESULT,4096,fused_fp32io,16x16x32/w8/occ2/smem46080/kernel_legacy,1.86095,4.252e-04
RESULT,4096,fused_bf16io,16x16x32/w8/occ2/smem46080/kernel_legacy,1.77368,2.378e-03
RESULT,4096,fused_fp16acc_fp32io,16x16x32/w8/occ2/smem41984/kernel_legacy,1.84245,6.150e-04
RESULT,4096,fused_fp16acc_bf16io,16x16x32/w8/occ2/smem41984/kernel_legacy,1.33976,2.438e-03
RESULT,4096,fused_fp32io,16x16x32/w8/occ2/smem46080/kernel_cached,1.82845,4.252e-04
RESULT,4096,fused_bf16io,16x16x32/w8/occ2/smem46080/kernel_cached,1.64770,2.378e-03
RESULT,4096,fused_fp16acc_fp32io,16x16x32/w8/occ2/smem41984/kernel_cached,1.78234,6.150e-04
RESULT,4096,fused_fp16acc_bf16io,16x16x32/w8/occ2/smem41984/kernel_cached,1.27271,2.438e-03
SELECT,4096,fused_fp16acc_bf16io,32x16x16/w8/occ2/smem41984/kernel_cached,1.14085,2.421442903e-03,1.000000000e-02,bf16
MEMORY,4096,managed,1132604416,0,0.098,0,0,0.000,670.332
RESULT,8192,cufft_pipeline_fp32,-,21.46613,3.684e-07
RESULT,8192,cufft_core_fp32,-,14.84947,3.684e-07
RESULT,8192,fused_fp32io,32x32x16/w4/occ1/smem74752/kernel_legacy,5.71468,3.972e-04
RESULT,8192,fused_bf16io,32x32x16/w4/occ1/smem74752/kernel_legacy,4.69219,2.373e-03
RESULT,8192,fused_fp16acc_fp32io,32x32x16/w4/occ1/smem72704/kernel_legacy,5.65316,6.199e-04
RESULT,8192,fused_fp16acc_bf16io,32x32x16/w4/occ1/smem72704/kernel_legacy,4.59866,2.420e-03
RESULT,8192,fused_fp32io,32x32x16/w4/occ1/smem74752/kernel_cached,5.82795,3.972e-04
RESULT,8192,fused_bf16io,32x32x16/w4/occ1/smem74752/kernel_cached,4.67654,2.373e-03
RESULT,8192,fused_fp16acc_fp32io,32x32x16/w4/occ1/smem72704/kernel_cached,5.69702,6.199e-04
RESULT,8192,fused_fp16acc_bf16io,32x32x16/w4/occ1/smem72704/kernel_cached,4.58556,2.420e-03
RESULT,8192,fused_fp32io,16x32x32/w4/occ1/smem74752/kernel_legacy,6.10678,3.944e-04
RESULT,8192,fused_bf16io,16x32x32/w4/occ1/smem74752/kernel_legacy,4.99762,2.372e-03
RESULT,8192,fused_fp16acc_fp32io,16x32x32/w4/occ1/smem72704/kernel_legacy,5.90843,6.140e-04
RESULT,8192,fused_fp16acc_bf16io,16x32x32/w4/occ1/smem72704/kernel_legacy,4.77262,2.436e-03
RESULT,8192,fused_fp32io,16x32x32/w4/occ1/smem74752/kernel_cached,6.17660,3.944e-04
RESULT,8192,fused_bf16io,16x32x32/w4/occ1/smem74752/kernel_cached,4.99186,2.372e-03
RESULT,8192,fused_fp16acc_fp32io,16x32x32/w4/occ1/smem72704/kernel_cached,5.93991,6.140e-04
RESULT,8192,fused_fp16acc_bf16io,16x32x32/w4/occ1/smem72704/kernel_cached,4.84314,2.436e-03
RESULT,8192,fused_fp32io,64x16x16/w4/occ1/smem87040/kernel_legacy,5.95449,4.271e-04
RESULT,8192,fused_bf16io,64x16x16/w4/occ1/smem87040/kernel_legacy,5.04413,2.378e-03
RESULT,8192,fused_fp16acc_fp32io,64x16x16/w4/occ1/smem84992/kernel_legacy,5.57499,6.794e-04
RESULT,8192,fused_fp16acc_bf16io,64x16x16/w4/occ1/smem84992/kernel_legacy,4.65387,2.454e-03
RESULT,8192,fused_fp32io,64x16x16/w4/occ1/smem87040/kernel_cached,6.12762,4.271e-04
RESULT,8192,fused_bf16io,64x16x16/w4/occ1/smem87040/kernel_cached,5.03009,2.378e-03
RESULT,8192,fused_fp16acc_fp32io,64x16x16/w4/occ1/smem84992/kernel_cached,5.84876,6.794e-04
RESULT,8192,fused_fp16acc_bf16io,64x16x16/w4/occ1/smem84992/kernel_cached,4.60608,2.454e-03
RESULT,8192,fused_fp32io,32x32x16/w8/occ1/smem78848/kernel_legacy,4.91244,3.972e-04
RESULT,8192,fused_bf16io,32x32x16/w8/occ1/smem78848/kernel_legacy,3.97939,2.373e-03
RESULT,8192,fused_fp16acc_fp32io,32x32x16/w8/occ1/smem74752/kernel_legacy,4.84396,6.199e-04
RESULT,8192,fused_fp16acc_bf16io,32x32x16/w8/occ1/smem74752/kernel_legacy,3.70468,2.420e-03
RESULT,8192,fused_fp32io,32x32x16/w8/occ1/smem78848/kernel_cached,4.97813,3.972e-04
RESULT,8192,fused_bf16io,32x32x16/w8/occ1/smem78848/kernel_cached,4.04256,2.373e-03
RESULT,8192,fused_fp16acc_fp32io,32x32x16/w8/occ1/smem74752/kernel_cached,4.84636,6.199e-04
RESULT,8192,fused_fp16acc_bf16io,32x32x16/w8/occ1/smem74752/kernel_cached,3.77536,2.420e-03
RESULT,8192,fused_fp32io,16x32x32/w8/occ1/smem78848/kernel_legacy,5.40356,3.944e-04
RESULT,8192,fused_bf16io,16x32x32/w8/occ1/smem78848/kernel_legacy,4.43998,2.372e-03
RESULT,8192,fused_fp16acc_fp32io,16x32x32/w8/occ1/smem74752/kernel_legacy,4.57198,6.140e-04
RESULT,8192,fused_fp16acc_bf16io,16x32x32/w8/occ1/smem74752/kernel_legacy,3.95226,2.436e-03
RESULT,8192,fused_fp32io,16x32x32/w8/occ1/smem78848/kernel_cached,5.53211,3.944e-04
RESULT,8192,fused_bf16io,16x32x32/w8/occ1/smem78848/kernel_cached,4.48660,2.372e-03
RESULT,8192,fused_fp16acc_fp32io,16x32x32/w8/occ1/smem74752/kernel_cached,4.74199,6.140e-04
RESULT,8192,fused_fp16acc_bf16io,16x32x32/w8/occ1/smem74752/kernel_cached,3.97876,2.436e-03
RESULT,8192,fused_fp32io,16x16x64/w8/occ1/smem91136/kernel_legacy,6.98405,4.258e-04
RESULT,8192,fused_bf16io,16x16x64/w8/occ1/smem91136/kernel_legacy,5.90111,2.378e-03
RESULT,8192,fused_fp16acc_fp32io,16x16x64/w8/occ1/smem87040/kernel_legacy,6.41113,6.463e-04
RESULT,8192,fused_fp16acc_bf16io,16x16x64/w8/occ1/smem87040/kernel_legacy,5.28831,2.445e-03
RESULT,8192,fused_fp32io,16x16x64/w8/occ1/smem91136/kernel_cached,7.07961,4.258e-04
RESULT,8192,fused_bf16io,16x16x64/w8/occ1/smem91136/kernel_cached,5.95307,2.378e-03
RESULT,8192,fused_fp16acc_fp32io,16x16x64/w8/occ1/smem87040/kernel_cached,6.52547,6.463e-04
RESULT,8192,fused_fp16acc_bf16io,16x16x64/w8/occ1/smem87040/kernel_cached,5.34457,2.445e-03
SELECT,8192,fused_fp16acc_bf16io,32x32x16/w8/occ1/smem74752/kernel_legacy,3.70468,2.420119196e-03,1.000000000e-02,bf16
MEMORY,8192,managed,2265132032,0,0.112,0,0,0.000,1344.431
RUN,optimized,1,mapped,auto,9605cb2a0130671ecdb98bae79ac598e28bf2d6b
# MEMORY_CAPS,mapped=1,managed=1,concurrent_managed=1,pageable=1,host_page_tables=1,integrated=1
# NVIDIA GB10 sm_121 48 SMs, smem/block 101376, L2 24 MB, B=8 H=768
# calibration seed=88172645463325252, input_scale=1.000000000e+00, max_error=1.000000000e-02, io=bf16,allocator=mapped,kernel=auto
RESULT,128,cufft_pipeline_fp32,-,0.27746,2.401e-07
RESULT,128,cufft_core_fp32,-,0.20921,2.401e-07
RESULT,128,fused_fp32io,16x16/w4/occ10/smem6144/kernel_legacy,0.13080,3.814e-04
RESULT,128,fused_bf16io,16x16/w4/occ10/smem6144/kernel_legacy,0.12090,2.367e-03
RESULT,128,fused_fp16acc_fp32io,16x16/w4/occ12/smem4096/kernel_legacy,0.13099,5.244e-04
RESULT,128,fused_fp16acc_bf16io,16x16/w4/occ12/smem4096/kernel_legacy,0.11926,2.415e-03
RESULT,128,fused_fp32io,16x16/w4/occ10/smem6144/kernel_cached,0.13347,3.814e-04
RESULT,128,fused_bf16io,16x16/w4/occ10/smem6144/kernel_cached,0.11849,2.367e-03
RESULT,128,fused_fp16acc_fp32io,16x16/w4/occ12/smem4096/kernel_cached,0.13081,5.244e-04
RESULT,128,fused_fp16acc_bf16io,16x16/w4/occ12/smem4096/kernel_cached,0.11728,2.415e-03
RESULT,128,fused_fp32io,16x16/w8/occ5/smem10240/kernel_legacy,0.11259,3.814e-04
RESULT,128,fused_bf16io,16x16/w8/occ5/smem10240/kernel_legacy,0.10398,2.367e-03
RESULT,128,fused_fp16acc_fp32io,16x16/w8/occ6/smem6144/kernel_legacy,0.13293,5.244e-04
RESULT,128,fused_fp16acc_bf16io,16x16/w8/occ6/smem6144/kernel_legacy,0.11989,2.415e-03
RESULT,128,fused_fp32io,16x16/w8/occ5/smem10240/kernel_cached,0.11490,3.814e-04
RESULT,128,fused_bf16io,16x16/w8/occ5/smem10240/kernel_cached,0.10362,2.367e-03
RESULT,128,fused_fp16acc_fp32io,16x16/w8/occ6/smem6144/kernel_cached,0.13424,5.244e-04
RESULT,128,fused_fp16acc_bf16io,16x16/w8/occ6/smem6144/kernel_cached,0.12539,2.415e-03
SELECT,128,fused_bf16io,16x16/w8/occ5/smem10240/kernel_cached,0.10362,2.367228098e-03,1.000000000e-02,bf16
MEMORY,128,mapped,35468288,0,19.568,0,0,0.000,44.860
RESULT,256,cufft_pipeline_fp32,-,0.47757,2.335e-07
RESULT,256,cufft_core_fp32,-,0.35466,2.335e-07
RESULT,256,fused_fp32io,32x16/w4/occ8/smem11264/kernel_legacy,0.16606,3.520e-04
RESULT,256,fused_bf16io,32x16/w4/occ8/smem11264/kernel_legacy,0.15061,2.371e-03
RESULT,256,fused_fp16acc_fp32io,32x16/w4/occ10/smem9216/kernel_legacy,0.18691,5.324e-04
RESULT,256,fused_fp16acc_bf16io,32x16/w4/occ10/smem9216/kernel_legacy,0.17188,2.404e-03
RESULT,256,fused_fp32io,32x16/w4/occ8/smem11264/kernel_cached,0.20260,3.520e-04
RESULT,256,fused_bf16io,32x16/w4/occ8/smem11264/kernel_cached,0.19454,2.371e-03
RESULT,256,fused_fp16acc_fp32io,32x16/w4/occ10/smem9216/kernel_cached,0.19471,5.324e-04
RESULT,256,fused_fp16acc_bf16io,32x16/w4/occ10/smem9216/kernel_cached,0.17874,2.404e-03
RESULT,256,fused_fp32io,16x32/w4/occ8/smem11264/kernel_legacy,0.18492,3.457e-04
RESULT,256,fused_bf16io,16x32/w4/occ8/smem11264/kernel_legacy,0.17455,2.369e-03
RESULT,256,fused_fp16acc_fp32io,16x32/w4/occ9/smem9216/kernel_legacy,0.19470,5.220e-04
RESULT,256,fused_fp16acc_bf16io,16x32/w4/occ9/smem9216/kernel_legacy,0.17396,2.419e-03
RESULT,256,fused_fp32io,16x32/w4/occ8/smem11264/kernel_cached,0.22922,3.457e-04
RESULT,256,fused_bf16io,16x32/w4/occ8/smem11264/kernel_cached,0.21700,2.369e-03
RESULT,256,fused_fp16acc_fp32io,16x32/w4/occ9/smem9216/kernel_cached,0.20686,5.220e-04
RESULT,256,fused_fp16acc_bf16io,16x32/w4/occ9/smem9216/kernel_cached,0.19487,2.419e-03
RESULT,256,fused_fp32io,32x16/w8/occ5/smem15360/kernel_legacy,0.18411,3.520e-04
RESULT,256,fused_bf16io,32x16/w8/occ5/smem15360/kernel_legacy,0.17132,2.371e-03
RESULT,256,fused_fp16acc_fp32io,32x16/w8/occ6/smem11264/kernel_legacy,0.18968,5.324e-04
RESULT,256,fused_fp16acc_bf16io,32x16/w8/occ6/smem11264/kernel_legacy,0.17344,2.404e-03
RESULT,256,fused_fp32io,32x16/w8/occ5/smem15360/kernel_cached,0.19551,3.520e-04
RESULT,256,fused_bf16io,32x16/w8/occ5/smem15360/kernel_cached,0.18778,2.371e-03
RESULT,256,fused_fp16acc_fp32io,32x16/w8/occ6/smem11264/kernel_cached,0.20649,5.324e-04
RESULT,256,fused_fp16acc_bf16io,32x16/w8/occ6/smem11264/kernel_cached,0.19350,2.404e-03
SELECT,256,fused_bf16io,32x16/w4/occ8/smem11264/kernel_legacy,0.15061,2.370646472e-03,1.000000000e-02,bf16
MEMORY,256,mapped,70859776,0,34.683,0,0,0.000,68.568
RESULT,512,cufft_pipeline_fp32,-,1.03522,3.433e-07
RESULT,512,cufft_core_fp32,-,0.77521,3.433e-07
RESULT,512,fused_fp32io,32x32/w4/occ7/smem12288/kernel_legacy,0.38796,3.344e-04
RESULT,512,fused_bf16io,32x32/w4/occ7/smem12288/kernel_legacy,0.38473,2.363e-03
RESULT,512,fused_fp16acc_fp32io,32x32/w4/occ9/smem10240/kernel_legacy,0.49255,5.420e-04
RESULT,512,fused_fp16acc_bf16io,32x32/w4/occ9/smem10240/kernel_legacy,0.41627,2.402e-03
RESULT,512,fused_fp32io,32x32/w4/occ7/smem12288/kernel_cached,0.47125,3.344e-04
RESULT,512,fused_bf16io,32x32/w4/occ7/smem12288/kernel_cached,0.45075,2.363e-03
RESULT,512,fused_fp16acc_fp32io,32x32/w4/occ9/smem10240/kernel_cached,0.48384,5.420e-04
RESULT,512,fused_fp16acc_bf16io,32x32/w4/occ9/smem10240/kernel_cached,0.46192,2.402e-03
RESULT,512,fused_fp32io,32x32/w8/occ4/smem16384/kernel_legacy,0.39742,3.344e-04
RESULT,512,fused_bf16io,32x32/w8/occ4/smem16384/kernel_legacy,0.38272,2.363e-03
RESULT,512,fused_fp16acc_fp32io,32x32/w8/occ4/smem12288/kernel_legacy,0.39008,5.420e-04
RESULT,512,fused_fp16acc_bf16io,32x32/w8/occ4/smem12288/kernel_legacy,0.35429,2.402e-03
RESULT,512,fused_fp32io,32x32/w8/occ4/smem16384/kernel_cached,0.47805,3.344e-04
RESULT,512,fused_bf16io,32x32/w8/occ4/smem16384/kernel_cached,0.45059,2.363e-03
RESULT,512,fused_fp16acc_fp32io,32x32/w8/occ4/smem12288/kernel_cached,0.45139,5.420e-04
RESULT,512,fused_fp16acc_bf16io,32x32/w8/occ4/smem12288/kernel_cached,0.41862,2.402e-03
RESULT,512,fused_fp32io,64x16/w4/occ3/smem25600/kernel_legacy,0.47518,3.522e-04
RESULT,512,fused_bf16io,64x16/w4/occ3/smem25600/kernel_legacy,0.41059,2.365e-03
RESULT,512,fused_fp16acc_fp32io,64x16/w4/occ4/smem23552/kernel_legacy,0.41152,5.993e-04
RESULT,512,fused_fp16acc_bf16io,64x16/w4/occ4/smem23552/kernel_legacy,0.37641,2.433e-03
RESULT,512,fused_fp32io,64x16/w4/occ3/smem25600/kernel_cached,0.60226,3.522e-04
RESULT,512,fused_bf16io,64x16/w4/occ3/smem25600/kernel_cached,0.51171,2.365e-03
RESULT,512,fused_fp16acc_fp32io,64x16/w4/occ4/smem23552/kernel_cached,0.44791,5.993e-04
RESULT,512,fused_fp16acc_bf16io,64x16/w4/occ4/smem23552/kernel_cached,0.43674,2.433e-03
RESULT,512,fused_fp32io,16x64/w4/occ3/smem25600/kernel_legacy,0.54248,3.468e-04
RESULT,512,fused_bf16io,16x64/w4/occ3/smem25600/kernel_legacy,0.53881,2.365e-03
RESULT,512,fused_fp16acc_fp32io,16x64/w4/occ4/smem23552/kernel_legacy,0.45910,5.597e-04
RESULT,512,fused_fp16acc_bf16io,16x64/w4/occ4/smem23552/kernel_legacy,0.45905,2.424e-03
RESULT,512,fused_fp32io,16x64/w4/occ3/smem25600/kernel_cached,0.63529,3.468e-04
RESULT,512,fused_bf16io,16x64/w4/occ3/smem25600/kernel_cached,0.63072,2.365e-03
RESULT,512,fused_fp16acc_fp32io,16x64/w4/occ4/smem23552/kernel_cached,0.55834,5.597e-04
RESULT,512,fused_fp16acc_bf16io,16x64/w4/occ4/smem23552/kernel_cached,0.48979,2.424e-03
SELECT,512,fused_fp16acc_bf16io,32x32/w8/occ4/smem12288/kernel_legacy,0.35429,2.401751558e-03,1.000000000e-02,bf16
MEMORY,512,mapped,141642752,0,68.846,0,0,0.000,135.541
RESULT,1024,cufft_pipeline_fp32,-,2.09054,2.733e-07
RESULT,1024,cufft_core_fp32,-,1.60374,2.733e-07
RESULT,1024,fused_fp32io,64x32/w4/occ3/smem32768/kernel_legacy,0.93191,3.355e-04
RESULT,1024,fused_bf16io,64x32/w4/occ3/smem32768/kernel_legacy,0.86958,2.363e-03
RESULT,1024,fused_fp16acc_fp32io,64x32/w4/occ3/smem30720/kernel_legacy,0.90508,6.085e-04
RESULT,1024,fused_fp16acc_bf16io,64x32/w4/occ3/smem30720/kernel_legacy,0.85149,2.435e-03
RESULT,1024,fused_fp32io,64x32/w4/occ3/smem32768/kernel_cached,1.02744,3.355e-04
RESULT,1024,fused_bf16io,64x32/w4/occ3/smem32768/kernel_cached,0.93984,2.363e-03
RESULT,1024,fused_fp16acc_fp32io,64x32/w4/occ3/smem30720/kernel_cached,0.98738,6.085e-04
RESULT,1024,fused_fp16acc_bf16io,64x32/w4/occ3/smem30720/kernel_cached,0.88864,2.435e-03
RESULT,1024,fused_fp32io,32x64/w4/occ3/smem32768/kernel_legacy,1.02580,3.371e-04
RESULT,1024,fused_bf16io,32x64/w4/occ3/smem32768/kernel_legacy,0.91782,2.364e-03
RESULT,1024,fused_fp16acc_fp32io,32x64/w4/occ3/smem30720/kernel_legacy,1.17711,5.783e-04
RESULT,1024,fused_fp16acc_bf16io,32x64/w4/occ3/smem30720/kernel_legacy,1.02053,2.410e-03
RESULT,1024,fused_fp32io,32x64/w4/occ3/smem32768/kernel_cached,1.26740,3.371e-04
RESULT,1024,fused_bf16io,32x64/w4/occ3/smem32768/kernel_cached,1.04874,2.364e-03
RESULT,1024,fused_fp16acc_fp32io,32x64/w4/occ3/smem30720/kernel_cached,1.34074,5.783e-04
RESULT,1024,fused_fp16acc_bf16io,32x64/w4/occ3/smem30720/kernel_cached,1.13914,2.410e-03
RESULT,1024,fused_fp32io,64x32/w8/occ2/smem36864/kernel_legacy,0.96034,3.355e-04
RESULT,1024,fused_bf16io,64x32/w8/occ2/smem36864/kernel_legacy,0.85916,2.363e-03
RESULT,1024,fused_fp16acc_fp32io,64x32/w8/occ3/smem32768/kernel_legacy,0.94391,6.085e-04
RESULT,1024,fused_fp16acc_bf16io,64x32/w8/occ3/smem32768/kernel_legacy,0.87380,2.435e-03
RESULT,1024,fused_fp32io,64x32/w8/occ2/smem36864/kernel_cached,1.36687,3.355e-04
RESULT,1024,fused_bf16io,64x32/w8/occ2/smem36864/kernel_cached,1.18522,2.363e-03
RESULT,1024,fused_fp16acc_fp32io,64x32/w8/occ3/smem32768/kernel_cached,1.12962,6.085e-04
RESULT,1024,fused_fp16acc_bf16io,64x32/w8/occ3/smem32768/kernel_cached,0.96831,2.435e-03
RESULT,1024,fused_fp32io,32x64/w8/occ2/smem36864/kernel_legacy,1.13973,3.371e-04
RESULT,1024,fused_bf16io,32x64/w8/occ2/smem36864/kernel_legacy,1.04723,2.364e-03
RESULT,1024,fused_fp16acc_fp32io,32x64/w8/occ3/smem32768/kernel_legacy,1.21219,5.783e-04
RESULT,1024,fused_fp16acc_bf16io,32x64/w8/occ3/smem32768/kernel_legacy,1.04188,2.410e-03
RESULT,1024,fused_fp32io,32x64/w8/occ2/smem36864/kernel_cached,1.55190,3.371e-04
RESULT,1024,fused_bf16io,32x64/w8/occ2/smem36864/kernel_cached,1.35800,2.364e-03
RESULT,1024,fused_fp16acc_fp32io,32x64/w8/occ3/smem32768/kernel_cached,1.49408,5.783e-04
RESULT,1024,fused_fp16acc_bf16io,32x64/w8/occ3/smem32768/kernel_cached,1.28003,2.410e-03
SELECT,1024,fused_fp16acc_bf16io,64x32/w4/occ3/smem30720/kernel_legacy,0.85149,2.435428487e-03,1.000000000e-02,bf16
MEMORY,1024,mapped,283208704,0,130.391,0,0,0.000,263.174
RESULT,2048,cufft_pipeline_fp32,-,4.09338,2.957e-07
RESULT,2048,cufft_core_fp32,-,3.09334,2.957e-07
RESULT,2048,fused_fp32io,16x16x16/w4/occ4/smem21504/kernel_legacy,1.95086,4.697e-04
RESULT,2048,fused_bf16io,16x16x16/w4/occ4/smem21504/kernel_legacy,1.77752,2.386e-03
RESULT,2048,fused_fp16acc_fp32io,16x16x16/w4/occ5/smem19456/kernel_legacy,1.76565,6.275e-04
RESULT,2048,fused_fp16acc_bf16io,16x16x16/w4/occ5/smem19456/kernel_legacy,1.43051,2.440e-03
RESULT,2048,fused_fp32io,16x16x16/w4/occ4/smem21504/kernel_cached,2.01667,4.697e-04
RESULT,2048,fused_bf16io,16x16x16/w4/occ4/smem21504/kernel_cached,1.80532,2.386e-03
RESULT,2048,fused_fp16acc_fp32io,16x16x16/w4/occ5/smem19456/kernel_cached,1.76247,6.275e-04
RESULT,2048,fused_fp16acc_bf16io,16x16x16/w4/occ5/smem19456/kernel_cached,1.46540,2.440e-03
RESULT,2048,fused_fp32io,16x16x16/w8/occ3/smem25600/kernel_legacy,1.89229,4.697e-04
RESULT,2048,fused_bf16io,16x16x16/w8/occ3/smem25600/kernel_legacy,1.59075,2.386e-03
RESULT,2048,fused_fp16acc_fp32io,16x16x16/w8/occ4/smem21504/kernel_legacy,2.10464,6.275e-04
RESULT,2048,fused_fp16acc_bf16io,16x16x16/w8/occ4/smem21504/kernel_legacy,1.79382,2.440e-03
RESULT,2048,fused_fp32io,16x16x16/w8/occ3/smem25600/kernel_cached,1.86644,4.697e-04
RESULT,2048,fused_bf16io,16x16x16/w8/occ3/smem25600/kernel_cached,1.62851,2.386e-03
RESULT,2048,fused_fp16acc_fp32io,16x16x16/w8/occ4/smem21504/kernel_cached,2.14145,6.275e-04
RESULT,2048,fused_fp16acc_bf16io,16x16x16/w8/occ4/smem21504/kernel_cached,1.86585,2.440e-03
RESULT,2048,fused_fp32io,64x64/w8/occ2/smem40960/kernel_legacy,1.97320,3.381e-04
RESULT,2048,fused_bf16io,64x64/w8/occ2/smem40960/kernel_legacy,1.68162,2.363e-03
RESULT,2048,fused_fp16acc_fp32io,64x64/w8/occ2/smem36864/kernel_legacy,2.13882,6.417e-04
RESULT,2048,fused_fp16acc_bf16io,64x64/w8/occ2/smem36864/kernel_legacy,1.79836,2.443e-03
RESULT,2048,fused_fp32io,64x64/w8/occ2/smem40960/kernel_cached,2.39551,3.381e-04
RESULT,2048,fused_bf16io,64x64/w8/occ2/smem40960/kernel_cached,1.95730,2.363e-03
RESULT,2048,fused_fp16acc_fp32io,64x64/w8/occ2/smem36864/kernel_cached,2.56341,6.417e-04
RESULT,2048,fused_fp16acc_bf16io,64x64/w8/occ2/smem36864/kernel_cached,2.07014,2.443e-03
RESULT,2048,fused_fp32io,64x64/w4/occ2/smem36864/kernel_legacy,1.98926,3.381e-04
RESULT,2048,fused_bf16io,64x64/w4/occ2/smem36864/kernel_legacy,1.67880,2.363e-03
RESULT,2048,fused_fp16acc_fp32io,64x64/w4/occ2/smem34816/kernel_legacy,2.15199,6.417e-04
RESULT,2048,fused_fp16acc_bf16io,64x64/w4/occ2/smem34816/kernel_legacy,1.81528,2.443e-03
RESULT,2048,fused_fp32io,64x64/w4/occ2/smem36864/kernel_cached,2.58974,3.381e-04
RESULT,2048,fused_bf16io,64x64/w4/occ2/smem36864/kernel_cached,2.12869,2.363e-03
RESULT,2048,fused_fp16acc_fp32io,64x64/w4/occ2/smem34816/kernel_cached,2.54755,6.417e-04
RESULT,2048,fused_fp16acc_bf16io,64x64/w4/occ2/smem34816/kernel_cached,2.18931,2.443e-03
SELECT,2048,fused_fp16acc_bf16io,16x16x16/w4/occ5/smem19456/kernel_legacy,1.43051,2.439660081e-03,1.000000000e-02,bf16
MEMORY,2048,mapped,566340608,0,255.021,0,0,0.000,519.659
RESULT,4096,cufft_pipeline_fp32,-,8.82829,3.081e-07
RESULT,4096,cufft_core_fp32,-,6.19794,3.081e-07
RESULT,4096,fused_fp32io,32x16x16/w4/occ2/smem41984/kernel_legacy,4.26176,4.284e-04
RESULT,4096,fused_bf16io,32x16x16/w4/occ2/smem41984/kernel_legacy,3.68212,2.379e-03
RESULT,4096,fused_fp16acc_fp32io,32x16x16/w4/occ2/smem39936/kernel_legacy,4.30785,6.205e-04
RESULT,4096,fused_fp16acc_bf16io,32x16x16/w4/occ2/smem39936/kernel_legacy,3.58346,2.421e-03
RESULT,4096,fused_fp32io,32x16x16/w4/occ2/smem41984/kernel_cached,2.94501,4.284e-04
RESULT,4096,fused_bf16io,32x16x16/w4/occ2/smem41984/kernel_cached,2.52953,2.379e-03
RESULT,4096,fused_fp16acc_fp32io,32x16x16/w4/occ2/smem39936/kernel_cached,4.41232,6.205e-04
RESULT,4096,fused_fp16acc_bf16io,32x16x16/w4/occ2/smem39936/kernel_cached,3.60230,2.421e-03
RESULT,4096,fused_fp32io,16x32x16/w4/occ2/smem41984/kernel_legacy,3.06387,4.261e-04
RESULT,4096,fused_bf16io,16x32x16/w4/occ2/smem41984/kernel_legacy,2.83912,2.378e-03
RESULT,4096,fused_fp16acc_fp32io,16x32x16/w4/occ2/smem39936/kernel_legacy,3.29424,6.169e-04
RESULT,4096,fused_fp16acc_bf16io,16x32x16/w4/occ2/smem39936/kernel_legacy,2.91944,2.438e-03
RESULT,4096,fused_fp32io,16x32x16/w4/occ2/smem41984/kernel_cached,3.21312,4.261e-04
RESULT,4096,fused_bf16io,16x32x16/w4/occ2/smem41984/kernel_cached,3.15055,2.378e-03
RESULT,4096,fused_fp16acc_fp32io,16x32x16/w4/occ2/smem39936/kernel_cached,3.47964,6.169e-04
RESULT,4096,fused_fp16acc_bf16io,16x32x16/w4/occ2/smem39936/kernel_cached,3.15314,2.438e-03
RESULT,4096,fused_fp32io,16x16x32/w4/occ2/smem41984/kernel_legacy,4.02719,4.252e-04
RESULT,4096,fused_bf16io,16x16x32/w4/occ2/smem41984/kernel_legacy,3.57106,2.378e-03
RESULT,4096,fused_fp16acc_fp32io,16x16x32/w4/occ2/smem39936/kernel_legacy,3.57340,6.150e-04
RESULT,4096,fused_fp16acc_bf16io,16x16x32/w4/occ2/smem39936/kernel_legacy,3.11015,2.438e-03
RESULT,4096,fused_fp32io,16x16x32/w4/occ2/smem41984/kernel_cached,3.57236,4.252e-04
RESULT,4096,fused_bf16io,16x16x32/w4/occ2/smem41984/kernel_cached,3.24972,2.378e-03
RESULT,4096,fused_fp16acc_fp32io,16x16x32/w4/occ2/smem39936/kernel_cached,3.76996,6.150e-04
RESULT,4096,fused_fp16acc_bf16io,16x16x32/w4/occ2/smem39936/kernel_cached,3.24813,2.438e-03
RESULT,4096,fused_fp32io,32x16x16/w8/occ2/smem46080/kernel_legacy,4.47146,4.284e-04
RESULT,4096,fused_bf16io,32x16x16/w8/occ2/smem46080/kernel_legacy,3.61353,2.379e-03
RESULT,4096,fused_fp16acc_fp32io,32x16x16/w8/occ2/smem41984/kernel_legacy,4.80862,6.205e-04
RESULT,4096,fused_fp16acc_bf16io,32x16x16/w8/occ2/smem41984/kernel_legacy,3.65167,2.421e-03
RESULT,4096,fused_fp32io,32x16x16/w8/occ2/smem46080/kernel_cached,4.94390,4.284e-04
RESULT,4096,fused_bf16io,32x16x16/w8/occ2/smem46080/kernel_cached,4.05915,2.379e-03
RESULT,4096,fused_fp16acc_fp32io,32x16x16/w8/occ2/smem41984/kernel_cached,4.96398,6.205e-04
RESULT,4096,fused_fp16acc_bf16io,32x16x16/w8/occ2/smem41984/kernel_cached,3.77968,2.421e-03
RESULT,4096,fused_fp32io,16x16x32/w8/occ2/smem46080/kernel_legacy,4.03257,4.252e-04
RESULT,4096,fused_bf16io,16x16x32/w8/occ2/smem46080/kernel_legacy,3.49957,2.378e-03
RESULT,4096,fused_fp16acc_fp32io,16x16x32/w8/occ2/smem41984/kernel_legacy,4.08807,6.150e-04
RESULT,4096,fused_fp16acc_bf16io,16x16x32/w8/occ2/smem41984/kernel_legacy,3.43673,2.438e-03
RESULT,4096,fused_fp32io,16x16x32/w8/occ2/smem46080/kernel_cached,4.56806,4.252e-04
RESULT,4096,fused_bf16io,16x16x32/w8/occ2/smem46080/kernel_cached,3.97836,2.378e-03
RESULT,4096,fused_fp16acc_fp32io,16x16x32/w8/occ2/smem41984/kernel_cached,4.19355,6.150e-04
RESULT,4096,fused_fp16acc_bf16io,16x16x32/w8/occ2/smem41984/kernel_cached,3.66717,2.438e-03
SELECT,4096,fused_bf16io,32x16x16/w4/occ2/smem41984/kernel_cached,2.52953,2.379016951e-03,1.000000000e-02,bf16
MEMORY,4096,mapped,1132604416,0,488.588,0,0,0.000,1017.279
RESULT,8192,cufft_pipeline_fp32,-,17.33346,3.684e-07
RESULT,8192,cufft_core_fp32,-,12.05940,3.684e-07
RESULT,8192,fused_fp32io,32x32x16/w4/occ1/smem74752/kernel_legacy,7.68187,3.972e-04
RESULT,8192,fused_bf16io,32x32x16/w4/occ1/smem74752/kernel_legacy,7.53770,2.373e-03
RESULT,8192,fused_fp16acc_fp32io,32x32x16/w4/occ1/smem72704/kernel_legacy,8.25555,6.199e-04
RESULT,8192,fused_fp16acc_bf16io,32x32x16/w4/occ1/smem72704/kernel_legacy,7.78461,2.420e-03
RESULT,8192,fused_fp32io,32x32x16/w4/occ1/smem74752/kernel_cached,7.49244,3.972e-04
RESULT,8192,fused_bf16io,32x32x16/w4/occ1/smem74752/kernel_cached,7.22883,2.373e-03
RESULT,8192,fused_fp16acc_fp32io,32x32x16/w4/occ1/smem72704/kernel_cached,7.81709,6.199e-04
RESULT,8192,fused_fp16acc_bf16io,32x32x16/w4/occ1/smem72704/kernel_cached,7.38574,2.420e-03
RESULT,8192,fused_fp32io,16x32x32/w4/occ1/smem74752/kernel_legacy,9.16223,3.944e-04
RESULT,8192,fused_bf16io,16x32x32/w4/occ1/smem74752/kernel_legacy,9.52778,2.372e-03
RESULT,8192,fused_fp16acc_fp32io,16x32x32/w4/occ1/smem72704/kernel_legacy,9.48891,6.140e-04
RESULT,8192,fused_fp16acc_bf16io,16x32x32/w4/occ1/smem72704/kernel_legacy,8.58438,2.436e-03
RESULT,8192,fused_fp32io,16x32x32/w4/occ1/smem74752/kernel_cached,8.61973,3.944e-04
RESULT,8192,fused_bf16io,16x32x32/w4/occ1/smem74752/kernel_cached,9.42780,2.372e-03
RESULT,8192,fused_fp16acc_fp32io,16x32x32/w4/occ1/smem72704/kernel_cached,9.58402,6.140e-04
RESULT,8192,fused_fp16acc_bf16io,16x32x32/w4/occ1/smem72704/kernel_cached,8.16735,2.436e-03
RESULT,8192,fused_fp32io,64x16x16/w4/occ1/smem87040/kernel_legacy,10.47170,4.271e-04
RESULT,8192,fused_bf16io,64x16x16/w4/occ1/smem87040/kernel_legacy,8.18902,2.378e-03
RESULT,8192,fused_fp16acc_fp32io,64x16x16/w4/occ1/smem84992/kernel_legacy,9.43863,6.794e-04
RESULT,8192,fused_fp16acc_bf16io,64x16x16/w4/occ1/smem84992/kernel_legacy,8.32464,2.454e-03
RESULT,8192,fused_fp32io,64x16x16/w4/occ1/smem87040/kernel_cached,10.99762,4.271e-04
RESULT,8192,fused_bf16io,64x16x16/w4/occ1/smem87040/kernel_cached,8.84589,2.378e-03
RESULT,8192,fused_fp16acc_fp32io,64x16x16/w4/occ1/smem84992/kernel_cached,10.09300,6.794e-04
RESULT,8192,fused_fp16acc_bf16io,64x16x16/w4/occ1/smem84992/kernel_cached,8.49663,2.454e-03
RESULT,8192,fused_fp32io,32x32x16/w8/occ1/smem78848/kernel_legacy,7.26107,3.972e-04
RESULT,8192,fused_bf16io,32x32x16/w8/occ1/smem78848/kernel_legacy,6.71284,2.373e-03
RESULT,8192,fused_fp16acc_fp32io,32x32x16/w8/occ1/smem74752/kernel_legacy,7.63294,6.199e-04
RESULT,8192,fused_fp16acc_bf16io,32x32x16/w8/occ1/smem74752/kernel_legacy,6.42236,2.420e-03
RESULT,8192,fused_fp32io,32x32x16/w8/occ1/smem78848/kernel_cached,7.22732,3.972e-04
RESULT,8192,fused_bf16io,32x32x16/w8/occ1/smem78848/kernel_cached,6.31518,2.373e-03
RESULT,8192,fused_fp16acc_fp32io,32x32x16/w8/occ1/smem74752/kernel_cached,7.73875,6.199e-04
RESULT,8192,fused_fp16acc_bf16io,32x32x16/w8/occ1/smem74752/kernel_cached,5.90374,2.420e-03
RESULT,8192,fused_fp32io,16x32x32/w8/occ1/smem78848/kernel_legacy,8.28300,3.944e-04
RESULT,8192,fused_bf16io,16x32x32/w8/occ1/smem78848/kernel_legacy,7.91536,2.372e-03
RESULT,8192,fused_fp16acc_fp32io,16x32x32/w8/occ1/smem74752/kernel_legacy,8.36774,6.140e-04
RESULT,8192,fused_fp16acc_bf16io,16x32x32/w8/occ1/smem74752/kernel_legacy,7.63038,2.436e-03
RESULT,8192,fused_fp32io,16x32x32/w8/occ1/smem78848/kernel_cached,8.40560,3.944e-04
RESULT,8192,fused_bf16io,16x32x32/w8/occ1/smem78848/kernel_cached,7.60357,2.372e-03
RESULT,8192,fused_fp16acc_fp32io,16x32x32/w8/occ1/smem74752/kernel_cached,8.46015,6.140e-04
RESULT,8192,fused_fp16acc_bf16io,16x32x32/w8/occ1/smem74752/kernel_cached,7.02925,2.436e-03
RESULT,8192,fused_fp32io,16x16x64/w8/occ1/smem91136/kernel_legacy,10.48169,4.258e-04
RESULT,8192,fused_bf16io,16x16x64/w8/occ1/smem91136/kernel_legacy,10.53734,2.378e-03
RESULT,8192,fused_fp16acc_fp32io,16x16x64/w8/occ1/smem87040/kernel_legacy,10.99712,6.463e-04
RESULT,8192,fused_fp16acc_bf16io,16x16x64/w8/occ1/smem87040/kernel_legacy,10.47899,2.445e-03
RESULT,8192,fused_fp32io,16x16x64/w8/occ1/smem91136/kernel_cached,10.34227,4.258e-04
RESULT,8192,fused_bf16io,16x16x64/w8/occ1/smem91136/kernel_cached,9.58518,2.378e-03
RESULT,8192,fused_fp16acc_fp32io,16x16x64/w8/occ1/smem87040/kernel_cached,10.92943,6.463e-04
RESULT,8192,fused_fp16acc_bf16io,16x16x64/w8/occ1/smem87040/kernel_cached,9.88513,2.445e-03
SELECT,8192,fused_fp16acc_bf16io,32x32x16/w8/occ1/smem74752/kernel_cached,5.90374,2.420119196e-03,1.000000000e-02,bf16
MEMORY,8192,mapped,2265132032,0,930.264,0,0,0.000,1989.744
RUN,cached_twiddle_experiment,1,device,auto,d8ddb4b63d8c3a379f730af380d38ac332b662ad
# MEMORY_CAPS,mapped=1,managed=1,concurrent_managed=1,pageable=1,host_page_tables=1,integrated=1
# NVIDIA GB10 sm_121 48 SMs, smem/block 101376, L2 24 MB, B=8 H=768
# calibration seed=88172645463325252, input_scale=1.000000000e+00, max_error=1.000000000e-02, io=bf16,allocator=device,kernel=auto
RESULT,128,cufft_pipeline_fp32,-,0.14580,2.401e-07
RESULT,128,cufft_core_fp32,-,0.07787,2.401e-07
RESULT,128,fused_fp32io,16x16/w4/occ10/smem7168/kernel_legacy,0.03396,3.814e-04
RESULT,128,fused_bf16io,16x16/w4/occ10/smem7168/kernel_legacy,0.03278,2.367e-03
RESULT,128,fused_fp16acc_fp32io,16x16/w4/occ12/smem5120/kernel_legacy,0.03131,5.244e-04
RESULT,128,fused_fp16acc_bf16io,16x16/w4/occ12/smem5120/kernel_legacy,0.02906,2.415e-03
RESULT,128,fused_fp32io,16x16/w4/occ10/smem7168/kernel_cached,0.03582,3.814e-04
RESULT,128,fused_bf16io,16x16/w4/occ10/smem7168/kernel_cached,0.03646,2.367e-03
RESULT,128,fused_fp16acc_fp32io,16x16/w4/occ12/smem5120/kernel_cached,0.02868,5.244e-04
RESULT,128,fused_fp16acc_bf16io,16x16/w4/occ12/smem5120/kernel_cached,0.02843,2.415e-03
RESULT,128,fused_fp32io,16x16/w8/occ5/smem11264/kernel_legacy,0.04302,3.814e-04
RESULT,128,fused_bf16io,16x16/w8/occ5/smem11264/kernel_legacy,0.04304,2.367e-03
RESULT,128,fused_fp16acc_fp32io,16x16/w8/occ6/smem7168/kernel_legacy,0.03685,5.244e-04
RESULT,128,fused_fp16acc_bf16io,16x16/w8/occ6/smem7168/kernel_legacy,0.03699,2.415e-03
RESULT,128,fused_fp32io,16x16/w8/occ5/smem11264/kernel_cached,0.04591,3.814e-04
RESULT,128,fused_bf16io,16x16/w8/occ5/smem11264/kernel_cached,0.04507,2.367e-03
RESULT,128,fused_fp16acc_fp32io,16x16/w8/occ6/smem7168/kernel_cached,0.03897,5.244e-04
RESULT,128,fused_fp16acc_bf16io,16x16/w8/occ6/smem7168/kernel_cached,0.03642,2.415e-03
SELECT,128,fused_fp16acc_bf16io,16x16/w4/occ12/smem5120/kernel_cached,0.02843,2.414584061e-03,1.000000000e-02,bf16
MEMORY,128,device,35468288,6291456,185.782,4742144,40894464,4.310,212.797
RESULT,256,cufft_pipeline_fp32,-,0.31655,2.335e-07
RESULT,256,cufft_core_fp32,-,0.24066,2.335e-07
RESULT,256,fused_fp32io,32x16/w4/occ8/smem11264/kernel_legacy,0.06869,3.520e-04
RESULT,256,fused_bf16io,32x16/w4/occ8/smem11264/kernel_legacy,0.06395,2.371e-03
RESULT,256,fused_fp16acc_fp32io,32x16/w4/occ10/smem9216/kernel_legacy,0.05553,5.324e-04
RESULT,256,fused_fp16acc_bf16io,32x16/w4/occ10/smem9216/kernel_legacy,0.05529,2.404e-03
RESULT,256,fused_fp32io,32x16/w4/occ8/smem11264/kernel_cached,0.07704,3.519e-04
RESULT,256,fused_bf16io,32x16/w4/occ8/smem11264/kernel_cached,0.06967,2.371e-03
RESULT,256,fused_fp16acc_fp32io,32x16/w4/occ10/smem9216/kernel_cached,0.06415,5.323e-04
RESULT,256,fused_fp16acc_bf16io,32x16/w4/occ10/smem9216/kernel_cached,0.05574,2.404e-03
RESULT,256,fused_fp32io,16x32/w4/occ8/smem11264/kernel_legacy,0.08228,3.457e-04
RESULT,256,fused_bf16io,16x32/w4/occ8/smem11264/kernel_legacy,0.08333,2.369e-03
RESULT,256,fused_fp16acc_fp32io,16x32/w4/occ9/smem9216/kernel_legacy,0.06991,5.220e-04
RESULT,256,fused_fp16acc_bf16io,16x32/w4/occ9/smem9216/kernel_legacy,0.06934,2.419e-03
RESULT,256,fused_fp32io,16x32/w4/occ8/smem11264/kernel_cached,0.09360,3.456e-04
RESULT,256,fused_bf16io,16x32/w4/occ8/smem11264/kernel_cached,0.08805,2.369e-03
RESULT,256,fused_fp16acc_fp32io,16x32/w4/occ10/smem9216/kernel_cached,0.08255,5.218e-04
RESULT,256,fused_fp16acc_bf16io,16x32/w4/occ10/smem9216/kernel_cached,0.07784,2.419e-03
RESULT,256,fused_fp32io,32x16/w8/occ5/smem15360/kernel_legacy,0.07341,3.520e-04
RESULT,256,fused_bf16io,32x16/w8/occ5/smem15360/kernel_legacy,0.07361,2.371e-03
RESULT,256,fused_fp16acc_fp32io,32x16/w8/occ6/smem11264/kernel_legacy,0.06348,5.324e-04
RESULT,256,fused_fp16acc_bf16io,32x16/w8/occ6/smem11264/kernel_legacy,0.06194,2.404e-03
RESULT,256,fused_fp32io,32x16/w8/occ5/smem15360/kernel_cached,0.08372,3.519e-04
RESULT,256,fused_bf16io,32x16/w8/occ5/smem15360/kernel_cached,0.07637,2.371e-03
RESULT,256,fused_fp16acc_fp32io,32x16/w8/occ6/smem11264/kernel_cached,0.06558,5.323e-04
RESULT,256,fused_fp16acc_bf16io,32x16/w8/occ6/smem11264/kernel_cached,0.06454,2.404e-03
SELECT,256,fused_fp16acc_bf16io,32x16/w4/occ10/smem9216/kernel_legacy,0.05529,2.403527438e-03,1.000000000e-02,bf16
MEMORY,256,device,70859776,12582912,3.134,9462784,119537664,2.576,38.778
RESULT,512,cufft_pipeline_fp32,-,0.91671,3.433e-07
RESULT,512,cufft_core_fp32,-,0.65820,3.433e-07
RESULT,512,fused_fp32io,32x32/w4/occ5/smem16384/kernel_legacy,0.20305,3.344e-04
RESULT,512,fused_bf16io,32x32/w4/occ5/smem16384/kernel_legacy,0.14947,2.363e-03
RESULT,512,fused_fp16acc_fp32io,32x32/w4/occ6/smem14336/kernel_legacy,0.20674,5.420e-04
RESULT,512,fused_fp16acc_bf16io,32x32/w4/occ6/smem14336/kernel_legacy,0.12907,2.402e-03
RESULT,512,fused_fp32io,32x32/w4/occ5/smem16384/kernel_cached,0.21152,3.344e-04
RESULT,512,fused_bf16io,32x32/w4/occ5/smem16384/kernel_cached,0.17200,2.363e-03
RESULT,512,fused_fp16acc_fp32io,32x32/w4/occ6/smem14336/kernel_cached,0.20573,5.420e-04
RESULT,512,fused_fp16acc_bf16io,32x32/w4/occ6/smem14336/kernel_cached,0.14341,2.402e-03
RESULT,512,fused_fp32io,32x32/w8/occ4/smem20480/kernel_legacy,0.21793,3.344e-04
RESULT,512,fused_bf16io,32x32/w8/occ4/smem20480/kernel_legacy,0.15749,2.363e-03
RESULT,512,fused_fp16acc_fp32io,32x32/w8/occ4/smem16384/kernel_legacy,0.22307,5.420e-04
RESULT,512,fused_fp16acc_bf16io,32x32/w8/occ4/smem16384/kernel_legacy,0.14499,2.402e-03
RESULT,512,fused_fp32io,32x32/w8/occ4/smem20480/kernel_cached,0.21532,3.344e-04
RESULT,512,fused_bf16io,32x32/w8/occ4/smem20480/kernel_cached,0.17207,2.363e-03
RESULT,512,fused_fp16acc_fp32io,32x32/w8/occ5/smem16384/kernel_cached,0.21345,5.420e-04
RESULT,512,fused_fp16acc_bf16io,32x32/w8/occ5/smem16384/kernel_cached,0.15349,2.402e-03
RESULT,512,fused_fp32io,64x16/w4/occ3/smem25600/kernel_legacy,0.27116,3.522e-04
RESULT,512,fused_bf16io,64x16/w4/occ3/smem25600/kernel_legacy,0.24225,2.365e-03
RESULT,512,fused_fp16acc_fp32io,64x16/w4/occ4/smem23552/kernel_legacy,0.21644,5.993e-04
RESULT,512,fused_fp16acc_bf16io,64x16/w4/occ4/smem23552/kernel_legacy,0.19077,2.433e-03
RESULT,512,fused_fp32io,64x16/w4/occ3/smem25600/kernel_cached,0.27001,3.521e-04
RESULT,512,fused_bf16io,64x16/w4/occ3/smem25600/kernel_cached,0.24598,2.365e-03
RESULT,512,fused_fp16acc_fp32io,64x16/w4/occ4/smem23552/kernel_cached,0.21888,5.994e-04
RESULT,512,fused_fp16acc_bf16io,64x16/w4/occ4/smem23552/kernel_cached,0.20362,2.433e-03
RESULT,512,fused_fp32io,16x64/w4/occ3/smem25600/kernel_legacy,0.43382,3.468e-04
RESULT,512,fused_bf16io,16x64/w4/occ3/smem25600/kernel_legacy,0.38099,2.365e-03
RESULT,512,fused_fp16acc_fp32io,16x64/w4/occ4/smem23552/kernel_legacy,0.34839,5.597e-04
RESULT,512,fused_fp16acc_bf16io,16x64/w4/occ4/smem23552/kernel_legacy,0.29263,2.424e-03
RESULT,512,fused_fp32io,16x64/w4/occ3/smem25600/kernel_cached,0.41688,3.467e-04
RESULT,512,fused_bf16io,16x64/w4/occ3/smem25600/kernel_cached,0.38547,2.365e-03
RESULT,512,fused_fp16acc_fp32io,16x64/w4/occ4/smem23552/kernel_cached,0.44562,5.597e-04
RESULT,512,fused_fp16acc_bf16io,16x64/w4/occ4/smem23552/kernel_cached,0.38499,2.424e-03
SELECT,512,fused_fp16acc_bf16io,32x32/w4/occ6/smem14336/kernel_legacy,0.12907,2.401751558e-03,1.000000000e-02,bf16
MEMORY,512,device,141642752,25165824,5.770,18904064,314572800,9.248,78.333
RESULT,1024,cufft_pipeline_fp32,-,1.90031,2.733e-07
RESULT,1024,cufft_core_fp32,-,1.34930,2.733e-07
RESULT,1024,fused_fp32io,64x32/w4/occ3/smem32768/kernel_legacy,0.49403,3.355e-04
RESULT,1024,fused_bf16io,64x32/w4/occ3/smem32768/kernel_legacy,0.44025,2.363e-03
RESULT,1024,fused_fp16acc_fp32io,64x32/w4/occ3/smem30720/kernel_legacy,0.47222,6.085e-04
RESULT,1024,fused_fp16acc_bf16io,64x32/w4/occ3/smem30720/kernel_legacy,0.40122,2.435e-03
RESULT,1024,fused_fp32io,64x32/w4/occ3/smem32768/kernel_cached,0.53297,3.355e-04
RESULT,1024,fused_bf16io,64x32/w4/occ3/smem32768/kernel_cached,0.50647,2.363e-03
RESULT,1024,fused_fp16acc_fp32io,64x32/w4/occ3/smem30720/kernel_cached,0.46424,6.085e-04
RESULT,1024,fused_fp16acc_bf16io,64x32/w4/occ3/smem30720/kernel_cached,0.47463,2.435e-03
RESULT,1024,fused_fp32io,32x64/w4/occ3/smem32768/kernel_legacy,0.64745,3.371e-04
RESULT,1024,fused_bf16io,32x64/w4/occ3/smem32768/kernel_legacy,0.59504,2.364e-03
RESULT,1024,fused_fp16acc_fp32io,32x64/w4/occ3/smem30720/kernel_legacy,0.58115,5.783e-04
RESULT,1024,fused_fp16acc_bf16io,32x64/w4/occ3/smem30720/kernel_legacy,0.58728,2.410e-03
RESULT,1024,fused_fp32io,32x64/w4/occ3/smem32768/kernel_cached,0.63768,3.371e-04
RESULT,1024,fused_bf16io,32x64/w4/occ3/smem32768/kernel_cached,0.64507,2.364e-03
RESULT,1024,fused_fp16acc_fp32io,32x64/w4/occ3/smem30720/kernel_cached,0.69042,5.783e-04
RESULT,1024,fused_fp16acc_bf16io,32x64/w4/occ3/smem30720/kernel_cached,0.67086,2.410e-03
RESULT,1024,fused_fp32io,64x32/w8/occ2/smem36864/kernel_legacy,0.53933,3.355e-04
RESULT,1024,fused_bf16io,64x32/w8/occ2/smem36864/kernel_legacy,0.48960,2.363e-03
RESULT,1024,fused_fp16acc_fp32io,64x32/w8/occ3/smem32768/kernel_legacy,0.43487,6.085e-04
RESULT,1024,fused_fp16acc_bf16io,64x32/w8/occ3/smem32768/kernel_legacy,0.37798,2.435e-03
RESULT,1024,fused_fp32io,64x32/w8/occ2/smem36864/kernel_cached,0.54328,3.355e-04
RESULT,1024,fused_bf16io,64x32/w8/occ2/smem36864/kernel_cached,0.54905,2.363e-03
RESULT,1024,fused_fp16acc_fp32io,64x32/w8/occ3/smem32768/kernel_cached,0.45706,6.085e-04
RESULT,1024,fused_fp16acc_bf16io,64x32/w8/occ3/smem32768/kernel_cached,0.41747,2.435e-03
RESULT,1024,fused_fp32io,32x64/w8/occ2/smem36864/kernel_legacy,0.67410,3.371e-04
RESULT,1024,fused_bf16io,32x64/w8/occ2/smem36864/kernel_legacy,0.66425,2.364e-03
RESULT,1024,fused_fp16acc_fp32io,32x64/w8/occ3/smem32768/kernel_legacy,0.55602,5.783e-04
RESULT,1024,fused_fp16acc_bf16io,32x64/w8/occ3/smem32768/kernel_legacy,0.54919,2.410e-03
RESULT,1024,fused_fp32io,32x64/w8/occ2/smem36864/kernel_cached,0.73172,3.371e-04
RESULT,1024,fused_bf16io,32x64/w8/occ2/smem36864/kernel_cached,0.70813,2.364e-03
RESULT,1024,fused_fp16acc_fp32io,32x64/w8/occ3/smem32768/kernel_cached,0.64197,5.783e-04
RESULT,1024,fused_fp16acc_bf16io,32x64/w8/occ3/smem32768/kernel_cached,0.60735,2.410e-03
SELECT,1024,fused_fp16acc_bf16io,64x32/w8/occ3/smem32768/kernel_legacy,0.37798,2.435428487e-03,1.000000000e-02,bf16
MEMORY,1024,device,283208704,50331648,10.500,37786624,629145600,15.230,151.853
RESULT,2048,cufft_pipeline_fp32,-,4.06158,2.957e-07
RESULT,2048,cufft_core_fp32,-,2.98818,2.957e-07
RESULT,2048,fused_fp32io,16x16x16/w4/occ4/smem23552/kernel_legacy,0.72774,4.697e-04
RESULT,2048,fused_bf16io,16x16x16/w4/occ4/smem23552/kernel_legacy,0.63686,2.386e-03
RESULT,2048,fused_fp16acc_fp32io,16x16x16/w4/occ4/smem21504/kernel_legacy,0.65763,6.275e-04
RESULT,2048,fused_fp16acc_bf16io,16x16x16/w4/occ4/smem21504/kernel_legacy,0.52683,2.440e-03
RESULT,2048,fused_fp32io,16x16x16/w4/occ4/smem23552/kernel_cached,1.32395,4.695e-04
RESULT,2048,fused_bf16io,16x16x16/w4/occ4/smem23552/kernel_cached,1.30805,2.386e-03
RESULT,2048,fused_fp16acc_fp32io,16x16x16/w4/occ4/smem21504/kernel_cached,1.24618,6.274e-04
RESULT,2048,fused_fp16acc_bf16io,16x16x16/w4/occ4/smem21504/kernel_cached,1.17899,2.440e-03
RESULT,2048,fused_fp32io,16x16x16/w8/occ3/smem27648/kernel_legacy,0.74434,4.697e-04
RESULT,2048,fused_bf16io,16x16x16/w8/occ3/smem27648/kernel_legacy,0.63465,2.386e-03
RESULT,2048,fused_fp16acc_fp32io,16x16x16/w8/occ4/smem23552/kernel_legacy,0.62362,6.275e-04
RESULT,2048,fused_fp16acc_bf16io,16x16x16/w8/occ4/smem23552/kernel_legacy,0.52364,2.440e-03
RESULT,2048,fused_fp32io,16x16x16/w8/occ3/smem27648/kernel_cached,1.39433,4.695e-04
RESULT,2048,fused_bf16io,16x16x16/w8/occ3/smem27648/kernel_cached,1.36884,2.386e-03
RESULT,2048,fused_fp16acc_fp32io,16x16x16/w8/occ4/smem23552/kernel_cached,1.19582,6.274e-04
RESULT,2048,fused_fp16acc_bf16io,16x16x16/w8/occ4/smem23552/kernel_cached,1.19905,2.440e-03
RESULT,2048,fused_fp32io,64x64/w8/occ1/smem57344/kernel_legacy,1.67988,3.381e-04
RESULT,2048,fused_bf16io,64x64/w8/occ1/smem57344/kernel_legacy,1.68523,2.363e-03
RESULT,2048,fused_fp16acc_fp32io,64x64/w8/occ1/smem53248/kernel_legacy,1.59139,6.417e-04
RESULT,2048,fused_fp16acc_bf16io,64x64/w8/occ1/smem53248/kernel_legacy,1.54507,2.443e-03
RESULT,2048,fused_fp32io,64x64/w8/occ1/smem57344/kernel_cached,1.63463,3.381e-04
RESULT,2048,fused_bf16io,64x64/w8/occ1/smem57344/kernel_cached,1.66014,2.363e-03
RESULT,2048,fused_fp16acc_fp32io,64x64/w8/occ1/smem53248/kernel_cached,1.66951,6.417e-04
RESULT,2048,fused_fp16acc_bf16io,64x64/w8/occ1/smem53248/kernel_cached,1.64687,2.443e-03
RESULT,2048,fused_fp32io,64x64/w4/occ1/smem53248/kernel_legacy,1.80561,3.381e-04
RESULT,2048,fused_bf16io,64x64/w4/occ1/smem53248/kernel_legacy,1.75091,2.363e-03
RESULT,2048,fused_fp16acc_fp32io,64x64/w4/occ1/smem51200/kernel_legacy,1.72349,6.417e-04
RESULT,2048,fused_fp16acc_bf16io,64x64/w4/occ1/smem51200/kernel_legacy,1.62094,2.443e-03
RESULT,2048,fused_fp32io,64x64/w4/occ1/smem53248/kernel_cached,1.73652,3.381e-04
RESULT,2048,fused_bf16io,64x64/w4/occ1/smem53248/kernel_cached,1.67958,2.363e-03
RESULT,2048,fused_fp16acc_fp32io,64x64/w4/occ1/smem51200/kernel_cached,1.73564,6.417e-04
RESULT,2048,fused_fp16acc_bf16io,64x64/w4/occ1/smem51200/kernel_cached,1.68693,2.443e-03
SELECT,2048,fused_fp16acc_bf16io,16x16x16/w8/occ4/smem23552/kernel_legacy,0.52364,2.439660081e-03,1.000000000e-02,bf16
MEMORY,2048,device,566340608,100663296,20.494,75551744,1258291200,24.162,301.346
RESULT,4096,cufft_pipeline_fp32,-,8.17222,3.081e-07
RESULT,4096,cufft_core_fp32,-,5.94976,3.081e-07
RESULT,4096,fused_fp32io,32x16x16/w4/occ2/smem43008/kernel_legacy,1.65549,4.284e-04
RESULT,4096,fused_bf16io,32x16x16/w4/occ2/smem43008/kernel_legacy,1.49868,2.379e-03
RESULT,4096,fused_fp16acc_fp32io,32x16x16/w4/occ2/smem40960/kernel_legacy,1.46213,6.205e-04
RESULT,4096,fused_fp16acc_bf16io,32x16x16/w4/occ2/smem40960/kernel_legacy,1.32852,2.421e-03
RESULT,4096,fused_fp32io,32x16x16/w4/occ2/smem43008/kernel_cached,2.97179,4.283e-04
RESULT,4096,fused_bf16io,32x16x16/w4/occ2/smem43008/kernel_cached,2.82575,2.379e-03
RESULT,4096,fused_fp16acc_fp32io,32x16x16/w4/occ2/smem40960/kernel_cached,2.80085,6.204e-04
RESULT,4096,fused_fp16acc_bf16io,32x16x16/w4/occ2/smem40960/kernel_cached,2.61102,2.421e-03
RESULT,4096,fused_fp32io,16x32x16/w4/occ2/smem43008/kernel_legacy,1.77386,4.261e-04
RESULT,4096,fused_bf16io,16x32x16/w4/occ2/smem43008/kernel_legacy,1.56913,2.378e-03
RESULT,4096,fused_fp16acc_fp32io,16x32x16/w4/occ2/smem40960/kernel_legacy,1.54900,6.169e-04
RESULT,4096,fused_fp16acc_bf16io,16x32x16/w4/occ2/smem40960/kernel_legacy,1.34469,2.438e-03
RESULT,4096,fused_fp32io,16x32x16/w4/occ2/smem43008/kernel_cached,3.67324,4.260e-04
RESULT,4096,fused_bf16io,16x32x16/w4/occ2/smem43008/kernel_cached,3.57111,2.378e-03
RESULT,4096,fused_fp16acc_fp32io,16x32x16/w4/occ2/smem40960/kernel_cached,3.48323,6.168e-04
RESULT,4096,fused_fp16acc_bf16io,16x32x16/w4/occ2/smem40960/kernel_cached,3.42812,2.438e-03
RESULT,4096,fused_fp32io,16x16x32/w4/occ2/smem43008/kernel_legacy,1.86761,4.252e-04
RESULT,4096,fused_bf16io,16x16x32/w4/occ2/smem43008/kernel_legacy,1.70353,2.378e-03
RESULT,4096,fused_fp16acc_fp32io,16x16x32/w4/occ2/smem40960/kernel_legacy,1.62940,6.150e-04
RESULT,4096,fused_fp16acc_bf16io,16x16x32/w4/occ2/smem40960/kernel_legacy,1.44144,2.438e-03
RESULT,4096,fused_fp32io,16x16x32/w4/occ2/smem43008/kernel_cached,3.96184,4.251e-04
RESULT,4096,fused_bf16io,16x16x32/w4/occ2/smem43008/kernel_cached,3.84700,2.378e-03
RESULT,4096,fused_fp16acc_fp32io,16x16x32/w4/occ2/smem40960/kernel_cached,3.73717,6.148e-04
RESULT,4096,fused_fp16acc_bf16io,16x16x32/w4/occ2/smem40960/kernel_cached,3.70573,2.438e-03
RESULT,4096,fused_fp32io,32x16x16/w8/occ2/smem47104/kernel_legacy,1.40784,4.284e-04
RESULT,4096,fused_bf16io,32x16x16/w8/occ2/smem47104/kernel_legacy,1.32567,2.379e-03
RESULT,4096,fused_fp16acc_fp32io,32x16x16/w8/occ2/smem43008/kernel_legacy,1.32600,6.205e-04
RESULT,4096,fused_fp16acc_bf16io,32x16x16/w8/occ2/smem43008/kernel_legacy,1.03373,2.421e-03
RESULT,4096,fused_fp32io,32x16x16/w8/occ2/smem47104/kernel_cached,3.00165,4.283e-04
RESULT,4096,fused_bf16io,32x16x16/w8/occ2/smem47104/kernel_cached,2.92835,2.379e-03
RESULT,4096,fused_fp16acc_fp32io,32x16x16/w8/occ2/smem43008/kernel_cached,3.00500,6.204e-04
RESULT,4096,fused_fp16acc_bf16io,32x16x16/w8/occ2/smem43008/kernel_cached,2.76695,2.421e-03
RESULT,4096,fused_fp32io,16x16x32/w8/occ2/smem47104/kernel_legacy,1.68198,4.252e-04
RESULT,4096,fused_bf16io,16x16x32/w8/occ2/smem47104/kernel_legacy,1.62802,2.378e-03
RESULT,4096,fused_fp16acc_fp32io,16x16x32/w8/occ2/smem43008/kernel_legacy,1.53533,6.150e-04
RESULT,4096,fused_fp16acc_bf16io,16x16x32/w8/occ2/smem43008/kernel_legacy,1.34868,2.438e-03
RESULT,4096,fused_fp32io,16x16x32/w8/occ2/smem47104/kernel_cached,3.83436,4.251e-04
RESULT,4096,fused_bf16io,16x16x32/w8/occ2/smem47104/kernel_cached,3.77922,2.378e-03
RESULT,4096,fused_fp16acc_fp32io,16x16x32/w8/occ2/smem43008/kernel_cached,3.52480,6.148e-04
RESULT,4096,fused_fp16acc_bf16io,16x16x32/w8/occ2/smem43008/kernel_cached,3.56331,2.438e-03
SELECT,4096,fused_fp16acc_bf16io,32x16x16/w8/occ2/smem43008/kernel_legacy,1.03373,2.421442903e-03,1.000000000e-02,bf16
MEMORY,4096,device,1132604416,201326592,39.457,151081984,3120562176,57.005,610.544
RESULT,8192,cufft_pipeline_fp32,-,16.19481,3.684e-07
RESULT,8192,cufft_core_fp32,-,11.75884,3.684e-07
RESULT,8192,fused_fp32io,32x32x16/w4/occ1/smem78848/kernel_legacy,5.02406,3.972e-04
RESULT,8192,fused_bf16io,32x32x16/w4/occ1/smem78848/kernel_legacy,4.53071,2.373e-03
RESULT,8192,fused_fp16acc_fp32io,32x32x16/w4/occ1/smem76800/kernel_legacy,4.97515,6.199e-04
RESULT,8192,fused_fp16acc_bf16io,32x32x16/w4/occ1/smem76800/kernel_legacy,4.43543,2.420e-03
RESULT,8192,fused_fp32io,32x32x16/w4/occ1/smem78848/kernel_cached,8.66564,3.971e-04
RESULT,8192,fused_bf16io,32x32x16/w4/occ1/smem78848/kernel_cached,8.38759,2.373e-03
RESULT,8192,fused_fp16acc_fp32io,32x32x16/w4/occ1/smem76800/kernel_cached,8.67440,6.198e-04
RESULT,8192,fused_fp16acc_bf16io,32x32x16/w4/occ1/smem76800/kernel_cached,8.33260,2.420e-03
RESULT,8192,fused_fp32io,16x32x32/w4/occ1/smem78848/kernel_legacy,5.63437,3.944e-04
RESULT,8192,fused_bf16io,16x32x32/w4/occ1/smem78848/kernel_legacy,5.07325,2.372e-03
RESULT,8192,fused_fp16acc_fp32io,16x32x32/w4/occ1/smem76800/kernel_legacy,5.21123,6.140e-04
RESULT,8192,fused_fp16acc_bf16io,16x32x32/w4/occ1/smem76800/kernel_legacy,4.63572,2.436e-03
RESULT,8192,fused_fp32io,16x32x32/w4/occ1/smem78848/kernel_cached,9.25853,3.943e-04
RESULT,8192,fused_bf16io,16x32x32/w4/occ1/smem78848/kernel_cached,8.95943,2.372e-03
RESULT,8192,fused_fp16acc_fp32io,16x32x32/w4/occ1/smem76800/kernel_cached,8.57623,6.139e-04
RESULT,8192,fused_fp16acc_bf16io,16x32x32/w4/occ1/smem76800/kernel_cached,8.39122,2.436e-03
RESULT,8192,fused_fp32io,64x16x16/w4/occ1/smem88064/kernel_legacy,5.37712,4.271e-04
RESULT,8192,fused_bf16io,64x16x16/w4/occ1/smem88064/kernel_legacy,5.04899,2.378e-03
RESULT,8192,fused_fp16acc_fp32io,64x16x16/w4/occ1/smem86016/kernel_legacy,5.03497,6.794e-04
RESULT,8192,fused_fp16acc_bf16io,64x16x16/w4/occ1/smem86016/kernel_legacy,4.72306,2.454e-03
RESULT,8192,fused_fp32io,64x16x16/w4/occ1/smem88064/kernel_cached,8.28509,4.270e-04
RESULT,8192,fused_bf16io,64x16x16/w4/occ1/smem88064/kernel_cached,8.21728,2.378e-03
RESULT,8192,fused_fp16acc_fp32io,64x16x16/w4/occ1/smem86016/kernel_cached,7.71477,6.794e-04
RESULT,8192,fused_fp16acc_bf16io,64x16x16/w4/occ1/smem86016/kernel_cached,7.54394,2.453e-03
RESULT,8192,fused_fp32io,32x32x16/w8/occ1/smem82944/kernel_legacy,4.19644,3.972e-04
RESULT,8192,fused_bf16io,32x32x16/w8/occ1/smem82944/kernel_legacy,3.53361,2.373e-03
RESULT,8192,fused_fp16acc_fp32io,32x32x16/w8/occ1/smem78848/kernel_legacy,3.98639,6.199e-04
RESULT,8192,fused_fp16acc_bf16io,32x32x16/w8/occ1/smem78848/kernel_legacy,3.16227,2.420e-03
RESULT,8192,fused_fp32io,32x32x16/w8/occ1/smem82944/kernel_cached,7.49735,3.971e-04
RESULT,8192,fused_bf16io,32x32x16/w8/occ1/smem82944/kernel_cached,7.34569,2.373e-03
RESULT,8192,fused_fp16acc_fp32io,32x32x16/w8/occ1/smem78848/kernel_cached,7.19716,6.198e-04
RESULT,8192,fused_fp16acc_bf16io,32x32x16/w8/occ1/smem78848/kernel_cached,7.04588,2.420e-03
RESULT,8192,fused_fp32io,16x32x32/w8/occ1/smem82944/kernel_legacy,4.69509,3.944e-04
RESULT,8192,fused_bf16io,16x32x32/w8/occ1/smem82944/kernel_legacy,4.06851,2.372e-03
RESULT,8192,fused_fp16acc_fp32io,16x32x32/w8/occ1/smem78848/kernel_legacy,4.29025,6.140e-04
RESULT,8192,fused_fp16acc_bf16io,16x32x32/w8/occ1/smem78848/kernel_legacy,3.60417,2.436e-03
RESULT,8192,fused_fp32io,16x32x32/w8/occ1/smem82944/kernel_cached,8.03531,3.943e-04
RESULT,8192,fused_bf16io,16x32x32/w8/occ1/smem82944/kernel_cached,7.79417,2.372e-03
RESULT,8192,fused_fp16acc_fp32io,16x32x32/w8/occ1/smem78848/kernel_cached,7.67724,6.139e-04
RESULT,8192,fused_fp16acc_bf16io,16x32x32/w8/occ1/smem78848/kernel_cached,7.50499,2.436e-03
RESULT,8192,fused_fp32io,16x16x64/w8/occ1/smem92160/kernel_legacy,6.17456,4.258e-04
RESULT,8192,fused_bf16io,16x16x64/w8/occ1/smem92160/kernel_legacy,5.55094,2.378e-03
RESULT,8192,fused_fp16acc_fp32io,16x16x64/w8/occ1/smem88064/kernel_legacy,5.67395,6.463e-04
RESULT,8192,fused_fp16acc_bf16io,16x16x64/w8/occ1/smem88064/kernel_legacy,5.01207,2.445e-03
RESULT,8192,fused_fp32io,16x16x64/w8/occ1/smem92160/kernel_cached,10.22122,4.257e-04
RESULT,8192,fused_bf16io,16x16x64/w8/occ1/smem92160/kernel_cached,10.02117,2.378e-03
RESULT,8192,fused_fp16acc_fp32io,16x16x64/w8/occ1/smem88064/kernel_cached,9.76644,6.462e-04
RESULT,8192,fused_fp16acc_bf16io,16x16x64/w8/occ1/smem88064/kernel_cached,9.54846,2.445e-03
SELECT,8192,fused_fp16acc_bf16io,32x32x16/w8/occ1/smem78848/kernel_legacy,3.16227,2.420119196e-03,1.000000000e-02,bf16
MEMORY,8192,device,2265132032,402653184,76.085,302142464,7449083904,137.456,1250.735
RUN,cached_twiddle_experiment,1,hybrid,auto,d8ddb4b63d8c3a379f730af380d38ac332b662ad
# MEMORY_CAPS,mapped=1,managed=1,concurrent_managed=1,pageable=1,host_page_tables=1,integrated=1
# NVIDIA GB10 sm_121 48 SMs, smem/block 101376, L2 24 MB, B=8 H=768
# calibration seed=88172645463325252, input_scale=1.000000000e+00, max_error=1.000000000e-02, io=bf16,allocator=hybrid,kernel=auto
RESULT,128,cufft_pipeline_fp32,-,0.14124,2.401e-07
RESULT,128,cufft_core_fp32,-,0.07331,2.401e-07
RESULT,128,fused_fp32io,16x16/w4/occ10/smem7168/kernel_legacy,0.04439,3.814e-04
RESULT,128,fused_bf16io,16x16/w4/occ10/smem7168/kernel_legacy,0.03278,2.367e-03
RESULT,128,fused_fp16acc_fp32io,16x16/w4/occ12/smem5120/kernel_legacy,0.03687,5.244e-04
RESULT,128,fused_fp16acc_bf16io,16x16/w4/occ12/smem5120/kernel_legacy,0.03293,2.415e-03
RESULT,128,fused_fp32io,16x16/w4/occ10/smem7168/kernel_cached,0.03885,3.814e-04
RESULT,128,fused_bf16io,16x16/w4/occ10/smem7168/kernel_cached,0.03483,2.367e-03
RESULT,128,fused_fp16acc_fp32io,16x16/w4/occ12/smem5120/kernel_cached,0.03696,5.244e-04
RESULT,128,fused_fp16acc_bf16io,16x16/w4/occ12/smem5120/kernel_cached,0.02993,2.415e-03
RESULT,128,fused_fp32io,16x16/w8/occ5/smem11264/kernel_legacy,0.05122,3.814e-04
RESULT,128,fused_bf16io,16x16/w8/occ5/smem11264/kernel_legacy,0.04612,2.367e-03
RESULT,128,fused_fp16acc_fp32io,16x16/w8/occ6/smem7168/kernel_legacy,0.04307,5.244e-04
RESULT,128,fused_fp16acc_bf16io,16x16/w8/occ6/smem7168/kernel_legacy,0.03686,2.415e-03
RESULT,128,fused_fp32io,16x16/w8/occ5/smem11264/kernel_cached,0.05141,3.814e-04
RESULT,128,fused_bf16io,16x16/w8/occ5/smem11264/kernel_cached,0.04507,2.367e-03
RESULT,128,fused_fp16acc_fp32io,16x16/w8/occ6/smem7168/kernel_cached,0.04300,5.244e-04
RESULT,128,fused_fp16acc_bf16io,16x16/w8/occ6/smem7168/kernel_cached,0.03685,2.415e-03
SELECT,128,fused_fp16acc_bf16io,16x16/w4/occ12/smem5120/kernel_cached,0.02993,2.414584061e-03,1.000000000e-02,bf16
MEMORY,128,hybrid,35468288,0,8.785,23552,0,0.029,34.619
RESULT,256,cufft_pipeline_fp32,-,0.31484,2.335e-07
RESULT,256,cufft_core_fp32,-,0.24460,2.335e-07
RESULT,256,fused_fp32io,32x16/w4/occ8/smem11264/kernel_legacy,0.06972,3.520e-04
RESULT,256,fused_bf16io,32x16/w4/occ8/smem11264/kernel_legacy,0.06428,2.371e-03
RESULT,256,fused_fp16acc_fp32io,32x16/w4/occ10/smem9216/kernel_legacy,0.06551,5.324e-04
RESULT,256,fused_fp16acc_bf16io,32x16/w4/occ10/smem9216/kernel_legacy,0.05538,2.404e-03
RESULT,256,fused_fp32io,32x16/w4/occ8/smem11264/kernel_cached,0.07362,3.519e-04
RESULT,256,fused_bf16io,32x16/w4/occ8/smem11264/kernel_cached,0.07507,2.371e-03
RESULT,256,fused_fp16acc_fp32io,32x16/w4/occ10/smem9216/kernel_cached,0.05940,5.323e-04
RESULT,256,fused_fp16acc_bf16io,32x16/w4/occ10/smem9216/kernel_cached,0.05708,2.404e-03
RESULT,256,fused_fp32io,16x32/w4/occ8/smem11264/kernel_legacy,0.09278,3.457e-04
RESULT,256,fused_bf16io,16x32/w4/occ8/smem11264/kernel_legacy,0.08216,2.369e-03
RESULT,256,fused_fp16acc_fp32io,16x32/w4/occ9/smem9216/kernel_legacy,0.07349,5.220e-04
RESULT,256,fused_fp16acc_bf16io,16x32/w4/occ9/smem9216/kernel_legacy,0.07406,2.419e-03
RESULT,256,fused_fp32io,16x32/w4/occ8/smem11264/kernel_cached,0.09188,3.456e-04
RESULT,256,fused_bf16io,16x32/w4/occ8/smem11264/kernel_cached,0.08807,2.369e-03
RESULT,256,fused_fp16acc_fp32io,16x32/w4/occ10/smem9216/kernel_cached,0.08919,5.218e-04
RESULT,256,fused_fp16acc_bf16io,16x32/w4/occ10/smem9216/kernel_cached,0.07784,2.419e-03
RESULT,256,fused_fp32io,32x16/w8/occ5/smem15360/kernel_legacy,0.07579,3.520e-04
RESULT,256,fused_bf16io,32x16/w8/occ5/smem15360/kernel_legacy,0.07168,2.371e-03
RESULT,256,fused_fp16acc_fp32io,32x16/w8/occ6/smem11264/kernel_legacy,0.06756,5.324e-04
RESULT,256,fused_fp16acc_bf16io,32x16/w8/occ6/smem11264/kernel_legacy,0.06254,2.404e-03
RESULT,256,fused_fp32io,32x16/w8/occ5/smem15360/kernel_cached,0.08810,3.519e-04
RESULT,256,fused_bf16io,32x16/w8/occ5/smem15360/kernel_cached,0.07583,2.371e-03
RESULT,256,fused_fp16acc_fp32io,32x16/w8/occ6/smem11264/kernel_cached,0.06563,5.323e-04
RESULT,256,fused_fp16acc_bf16io,32x16/w8/occ6/smem11264/kernel_cached,0.06671,2.404e-03
SELECT,256,fused_fp16acc_bf16io,32x16/w4/occ10/smem9216/kernel_legacy,0.05538,2.403527438e-03,1.000000000e-02,bf16
MEMORY,256,hybrid,70859776,0,17.286,25600,0,0.027,51.189
RESULT,512,cufft_pipeline_fp32,-,0.87036,3.433e-07
RESULT,512,cufft_core_fp32,-,0.66349,3.433e-07
RESULT,512,fused_fp32io,32x32/w4/occ5/smem16384/kernel_legacy,0.15770,3.344e-04
RESULT,512,fused_bf16io,32x32/w4/occ5/smem16384/kernel_legacy,0.14951,2.363e-03
RESULT,512,fused_fp16acc_fp32io,32x32/w4/occ6/smem14336/kernel_legacy,0.13622,5.420e-04
RESULT,512,fused_fp16acc_bf16io,32x32/w4/occ6/smem14336/kernel_legacy,0.14089,2.402e-03
RESULT,512,fused_fp32io,32x32/w4/occ5/smem16384/kernel_cached,0.18309,3.344e-04
RESULT,512,fused_bf16io,32x32/w4/occ5/smem16384/kernel_cached,0.18042,2.363e-03
RESULT,512,fused_fp16acc_fp32io,32x32/w4/occ6/smem14336/kernel_cached,0.15483,5.420e-04
RESULT,512,fused_fp16acc_bf16io,32x32/w4/occ6/smem14336/kernel_cached,0.14541,2.402e-03
RESULT,512,fused_fp32io,32x32/w8/occ4/smem20480/kernel_legacy,0.18083,3.344e-04
RESULT,512,fused_bf16io,32x32/w8/occ4/smem20480/kernel_legacy,0.15789,2.363e-03
RESULT,512,fused_fp16acc_fp32io,32x32/w8/occ4/smem16384/kernel_legacy,0.17035,5.420e-04
RESULT,512,fused_fp16acc_bf16io,32x32/w8/occ4/smem16384/kernel_legacy,0.14661,2.402e-03
RESULT,512,fused_fp32io,32x32/w8/occ4/smem20480/kernel_cached,0.18206,3.344e-04
RESULT,512,fused_bf16io,32x32/w8/occ4/smem20480/kernel_cached,0.18181,2.363e-03
RESULT,512,fused_fp16acc_fp32io,32x32/w8/occ5/smem16384/kernel_cached,0.16394,5.420e-04
RESULT,512,fused_fp16acc_bf16io,32x32/w8/occ5/smem16384/kernel_cached,0.16407,2.402e-03
RESULT,512,fused_fp32io,64x16/w4/occ3/smem25600/kernel_legacy,0.26330,3.522e-04
RESULT,512,fused_bf16io,64x16/w4/occ3/smem25600/kernel_legacy,0.24720,2.365e-03
RESULT,512,fused_fp16acc_fp32io,64x16/w4/occ4/smem23552/kernel_legacy,0.19377,5.993e-04
RESULT,512,fused_fp16acc_bf16io,64x16/w4/occ4/smem23552/kernel_legacy,0.19492,2.433e-03
RESULT,512,fused_fp32io,64x16/w4/occ3/smem25600/kernel_cached,0.27725,3.521e-04
RESULT,512,fused_bf16io,64x16/w4/occ3/smem25600/kernel_cached,0.24576,2.365e-03
RESULT,512,fused_fp16acc_fp32io,64x16/w4/occ4/smem23552/kernel_cached,0.20957,5.994e-04
RESULT,512,fused_fp16acc_bf16io,64x16/w4/occ4/smem23552/kernel_cached,0.20058,2.433e-03
RESULT,512,fused_fp32io,16x64/w4/occ3/smem25600/kernel_legacy,0.39508,3.468e-04
RESULT,512,fused_bf16io,16x64/w4/occ3/smem25600/kernel_legacy,0.38903,2.365e-03
RESULT,512,fused_fp16acc_fp32io,16x64/w4/occ4/smem23552/kernel_legacy,0.30119,5.597e-04
RESULT,512,fused_fp16acc_bf16io,16x64/w4/occ4/smem23552/kernel_legacy,0.29477,2.424e-03
RESULT,512,fused_fp32io,16x64/w4/occ3/smem25600/kernel_cached,0.40130,3.467e-04
RESULT,512,fused_bf16io,16x64/w4/occ3/smem25600/kernel_cached,0.38116,2.365e-03
RESULT,512,fused_fp16acc_fp32io,16x64/w4/occ4/smem23552/kernel_cached,0.40144,5.597e-04
RESULT,512,fused_fp16acc_bf16io,16x64/w4/occ4/smem23552/kernel_cached,0.39141,2.424e-03
SELECT,512,fused_fp16acc_bf16io,32x32/w4/occ6/smem14336/kernel_legacy,0.14089,2.401751558e-03,1.000000000e-02,bf16
MEMORY,512,hybrid,141642752,0,30.822,29696,0,0.031,97.910
RESULT,1024,cufft_pipeline_fp32,-,1.80053,2.733e-07
RESULT,1024,cufft_core_fp32,-,1.32928,2.733e-07
RESULT,1024,fused_fp32io,64x32/w4/occ3/smem32768/kernel_legacy,0.43155,3.355e-04
RESULT,1024,fused_bf16io,64x32/w4/occ3/smem32768/kernel_legacy,0.42675,2.363e-03
RESULT,1024,fused_fp16acc_fp32io,64x32/w4/occ3/smem30720/kernel_legacy,0.38771,6.085e-04
RESULT,1024,fused_fp16acc_bf16io,64x32/w4/occ3/smem30720/kernel_legacy,0.38785,2.435e-03
RESULT,1024,fused_fp32io,64x32/w4/occ3/smem32768/kernel_cached,0.55646,3.355e-04
RESULT,1024,fused_bf16io,64x32/w4/occ3/smem32768/kernel_cached,0.50058,2.363e-03
RESULT,1024,fused_fp16acc_fp32io,64x32/w4/occ3/smem30720/kernel_cached,0.49578,6.085e-04
RESULT,1024,fused_fp16acc_bf16io,64x32/w4/occ3/smem30720/kernel_cached,0.44254,2.435e-03
RESULT,1024,fused_fp32io,32x64/w4/occ3/smem32768/kernel_legacy,0.60615,3.371e-04
RESULT,1024,fused_bf16io,32x64/w4/occ3/smem32768/kernel_legacy,0.61631,2.364e-03
RESULT,1024,fused_fp16acc_fp32io,32x64/w4/occ3/smem30720/kernel_legacy,0.60246,5.783e-04
RESULT,1024,fused_fp16acc_bf16io,32x64/w4/occ3/smem30720/kernel_legacy,0.54497,2.410e-03
RESULT,1024,fused_fp32io,32x64/w4/occ3/smem32768/kernel_cached,0.64055,3.371e-04
RESULT,1024,fused_bf16io,32x64/w4/occ3/smem32768/kernel_cached,0.64142,2.364e-03
RESULT,1024,fused_fp16acc_fp32io,32x64/w4/occ3/smem30720/kernel_cached,0.72084,5.783e-04
RESULT,1024,fused_fp16acc_bf16io,32x64/w4/occ3/smem30720/kernel_cached,0.65677,2.410e-03
RESULT,1024,fused_fp32io,64x32/w8/occ2/smem36864/kernel_legacy,0.53556,3.355e-04
RESULT,1024,fused_bf16io,64x32/w8/occ2/smem36864/kernel_legacy,0.47136,2.363e-03
RESULT,1024,fused_fp16acc_fp32io,64x32/w8/occ3/smem32768/kernel_legacy,0.39333,6.085e-04
RESULT,1024,fused_fp16acc_bf16io,64x32/w8/occ3/smem32768/kernel_legacy,0.36696,2.435e-03
RESULT,1024,fused_fp32io,64x32/w8/occ2/smem36864/kernel_cached,0.57449,3.355e-04
RESULT,1024,fused_bf16io,64x32/w8/occ2/smem36864/kernel_cached,0.54860,2.363e-03
RESULT,1024,fused_fp16acc_fp32io,64x32/w8/occ3/smem32768/kernel_cached,0.43311,6.085e-04
RESULT,1024,fused_fp16acc_bf16io,64x32/w8/occ3/smem32768/kernel_cached,0.42329,2.435e-03
RESULT,1024,fused_fp32io,32x64/w8/occ2/smem36864/kernel_legacy,0.65818,3.371e-04
RESULT,1024,fused_bf16io,32x64/w8/occ2/smem36864/kernel_legacy,0.65273,2.364e-03
RESULT,1024,fused_fp16acc_fp32io,32x64/w8/occ3/smem32768/kernel_legacy,0.54173,5.783e-04
RESULT,1024,fused_fp16acc_bf16io,32x64/w8/occ3/smem32768/kernel_legacy,0.51304,2.410e-03
RESULT,1024,fused_fp32io,32x64/w8/occ2/smem36864/kernel_cached,0.66776,3.371e-04
RESULT,1024,fused_bf16io,32x64/w8/occ2/smem36864/kernel_cached,0.69360,2.364e-03
RESULT,1024,fused_fp16acc_fp32io,32x64/w8/occ3/smem32768/kernel_cached,0.63992,5.783e-04
RESULT,1024,fused_fp16acc_bf16io,32x64/w8/occ3/smem32768/kernel_cached,0.60084,2.410e-03
SELECT,1024,fused_fp16acc_bf16io,64x32/w8/occ3/smem32768/kernel_legacy,0.36696,2.435428487e-03,1.000000000e-02,bf16
MEMORY,1024,hybrid,283208704,0,53.473,37888,0,0.029,186.889
RESULT,2048,cufft_pipeline_fp32,-,3.99448,2.957e-07
RESULT,2048,cufft_core_fp32,-,3.07670,2.957e-07
RESULT,2048,fused_fp32io,16x16x16/w4/occ4/smem23552/kernel_legacy,0.74867,4.697e-04
RESULT,2048,fused_bf16io,16x16x16/w4/occ4/smem23552/kernel_legacy,0.65167,2.386e-03
RESULT,2048,fused_fp16acc_fp32io,16x16x16/w4/occ4/smem21504/kernel_legacy,0.71424,6.275e-04
RESULT,2048,fused_fp16acc_bf16io,16x16x16/w4/occ4/smem21504/kernel_legacy,0.54985,2.440e-03
RESULT,2048,fused_fp32io,16x16x16/w4/occ4/smem23552/kernel_cached,1.33837,4.695e-04
RESULT,2048,fused_bf16io,16x16x16/w4/occ4/smem23552/kernel_cached,1.35894,2.386e-03
RESULT,2048,fused_fp16acc_fp32io,16x16x16/w4/occ4/smem21504/kernel_cached,1.21171,6.274e-04
RESULT,2048,fused_fp16acc_bf16io,16x16x16/w4/occ4/smem21504/kernel_cached,1.15271,2.440e-03
RESULT,2048,fused_fp32io,16x16x16/w8/occ3/smem27648/kernel_legacy,0.78245,4.697e-04
RESULT,2048,fused_bf16io,16x16x16/w8/occ3/smem27648/kernel_legacy,0.64671,2.386e-03
RESULT,2048,fused_fp16acc_fp32io,16x16x16/w8/occ4/smem23552/kernel_legacy,0.69361,6.275e-04
RESULT,2048,fused_fp16acc_bf16io,16x16x16/w8/occ4/smem23552/kernel_legacy,0.49568,2.440e-03
RESULT,2048,fused_fp32io,16x16x16/w8/occ3/smem27648/kernel_cached,1.44330,4.695e-04
RESULT,2048,fused_bf16io,16x16x16/w8/occ3/smem27648/kernel_cached,1.39155,2.386e-03
RESULT,2048,fused_fp16acc_fp32io,16x16x16/w8/occ4/smem23552/kernel_cached,1.29140,6.274e-04
RESULT,2048,fused_fp16acc_bf16io,16x16x16/w8/occ4/smem23552/kernel_cached,1.21425,2.440e-03
RESULT,2048,fused_fp32io,64x64/w8/occ1/smem57344/kernel_legacy,1.73403,3.381e-04
RESULT,2048,fused_bf16io,64x64/w8/occ1/smem57344/kernel_legacy,1.62370,2.363e-03
RESULT,2048,fused_fp16acc_fp32io,64x64/w8/occ1/smem53248/kernel_legacy,1.69527,6.417e-04
RESULT,2048,fused_fp16acc_bf16io,64x64/w8/occ1/smem53248/kernel_legacy,1.50908,2.443e-03
RESULT,2048,fused_fp32io,64x64/w8/occ1/smem57344/kernel_cached,1.68844,3.381e-04
RESULT,2048,fused_bf16io,64x64/w8/occ1/smem57344/kernel_cached,1.68057,2.363e-03
RESULT,2048,fused_fp16acc_fp32io,64x64/w8/occ1/smem53248/kernel_cached,1.67489,6.417e-04
RESULT,2048,fused_fp16acc_bf16io,64x64/w8/occ1/smem53248/kernel_cached,1.66135,2.443e-03
RESULT,2048,fused_fp32io,64x64/w4/occ1/smem53248/kernel_legacy,1.79586,3.381e-04
RESULT,2048,fused_bf16io,64x64/w4/occ1/smem53248/kernel_legacy,1.79073,2.363e-03
RESULT,2048,fused_fp16acc_fp32io,64x64/w4/occ1/smem51200/kernel_legacy,1.78318,6.417e-04
RESULT,2048,fused_fp16acc_bf16io,64x64/w4/occ1/smem51200/kernel_legacy,1.62395,2.443e-03
RESULT,2048,fused_fp32io,64x64/w4/occ1/smem53248/kernel_cached,1.78329,3.381e-04
RESULT,2048,fused_bf16io,64x64/w4/occ1/smem53248/kernel_cached,1.73575,2.363e-03
RESULT,2048,fused_fp16acc_fp32io,64x64/w4/occ1/smem51200/kernel_cached,1.71913,6.417e-04
RESULT,2048,fused_fp16acc_bf16io,64x64/w4/occ1/smem51200/kernel_cached,1.70457,2.443e-03
SELECT,2048,fused_fp16acc_bf16io,16x16x16/w8/occ4/smem23552/kernel_legacy,0.49568,2.439660081e-03,1.000000000e-02,bf16
MEMORY,2048,hybrid,566340608,0,96.950,54272,0,0.035,363.375
RESULT,4096,cufft_pipeline_fp32,-,8.07597,3.081e-07
RESULT,4096,cufft_core_fp32,-,5.99677,3.081e-07
RESULT,4096,fused_fp32io,32x16x16/w4/occ2/smem43008/kernel_legacy,2.04123,4.284e-04
RESULT,4096,fused_bf16io,32x16x16/w4/occ2/smem43008/kernel_legacy,1.84238,2.379e-03
RESULT,4096,fused_fp16acc_fp32io,32x16x16/w4/occ2/smem40960/kernel_legacy,1.93073,6.205e-04
RESULT,4096,fused_fp16acc_bf16io,32x16x16/w4/occ2/smem40960/kernel_legacy,1.58700,2.421e-03
RESULT,4096,fused_fp32io,32x16x16/w4/occ2/smem43008/kernel_cached,3.27027,4.283e-04
RESULT,4096,fused_bf16io,32x16x16/w4/occ2/smem43008/kernel_cached,2.92866,2.379e-03
RESULT,4096,fused_fp16acc_fp32io,32x16x16/w4/occ2/smem40960/kernel_cached,3.31809,6.204e-04
RESULT,4096,fused_fp16acc_bf16io,32x16x16/w4/occ2/smem40960/kernel_cached,2.81885,2.421e-03
RESULT,4096,fused_fp32io,16x32x16/w4/occ2/smem43008/kernel_legacy,2.10423,4.261e-04
RESULT,4096,fused_bf16io,16x32x16/w4/occ2/smem43008/kernel_legacy,2.04174,2.378e-03
RESULT,4096,fused_fp16acc_fp32io,16x32x16/w4/occ2/smem40960/kernel_legacy,2.01521,6.169e-04
RESULT,4096,fused_fp16acc_bf16io,16x32x16/w4/occ2/smem40960/kernel_legacy,1.85481,2.438e-03
RESULT,4096,fused_fp32io,16x32x16/w4/occ2/smem43008/kernel_cached,3.90826,4.260e-04
RESULT,4096,fused_bf16io,16x32x16/w4/occ2/smem43008/kernel_cached,3.67054,2.378e-03
RESULT,4096,fused_fp16acc_fp32io,16x32x16/w4/occ2/smem40960/kernel_cached,3.76512,6.168e-04
RESULT,4096,fused_fp16acc_bf16io,16x32x16/w4/occ2/smem40960/kernel_cached,3.66114,2.438e-03
RESULT,4096,fused_fp32io,16x16x32/w4/occ2/smem43008/kernel_legacy,2.14740,4.252e-04
RESULT,4096,fused_bf16io,16x16x32/w4/occ2/smem43008/kernel_legacy,2.16195,2.378e-03
RESULT,4096,fused_fp16acc_fp32io,16x16x32/w4/occ2/smem40960/kernel_legacy,1.87420,6.150e-04
RESULT,4096,fused_fp16acc_bf16io,16x16x32/w4/occ2/smem40960/kernel_legacy,1.87128,2.438e-03
RESULT,4096,fused_fp32io,16x16x32/w4/occ2/smem43008/kernel_cached,4.52699,4.251e-04
RESULT,4096,fused_bf16io,16x16x32/w4/occ2/smem43008/kernel_cached,3.97069,2.378e-03
RESULT,4096,fused_fp16acc_fp32io,16x16x32/w4/occ2/smem40960/kernel_cached,4.12852,6.148e-04
RESULT,4096,fused_fp16acc_bf16io,16x16x32/w4/occ2/smem40960/kernel_cached,3.79001,2.438e-03
RESULT,4096,fused_fp32io,32x16x16/w8/occ2/smem47104/kernel_legacy,1.82337,4.284e-04
RESULT,4096,fused_bf16io,32x16x16/w8/occ2/smem47104/kernel_legacy,1.64796,2.379e-03
RESULT,4096,fused_fp16acc_fp32io,32x16x16/w8/occ2/smem43008/kernel_legacy,2.01660,6.205e-04
RESULT,4096,fused_fp16acc_bf16io,32x16x16/w8/occ2/smem43008/kernel_legacy,1.13864,2.421e-03
RESULT,4096,fused_fp32io,32x16x16/w8/occ2/smem47104/kernel_cached,3.28331,4.283e-04
RESULT,4096,fused_bf16io,32x16x16/w8/occ2/smem47104/kernel_cached,2.83532,2.379e-03
RESULT,4096,fused_fp16acc_fp32io,32x16x16/w8/occ2/smem43008/kernel_cached,3.37276,6.204e-04
RESULT,4096,fused_fp16acc_bf16io,32x16x16/w8/occ2/smem43008/kernel_cached,2.74973,2.421e-03
RESULT,4096,fused_fp32io,16x16x32/w8/occ2/smem47104/kernel_legacy,1.81148,4.252e-04
RESULT,4096,fused_bf16io,16x16x32/w8/occ2/smem47104/kernel_legacy,1.95126,2.378e-03
RESULT,4096,fused_fp16acc_fp32io,16x16x32/w8/occ2/smem43008/kernel_legacy,1.83271,6.150e-04
RESULT,4096,fused_fp16acc_bf16io,16x16x32/w8/occ2/smem43008/kernel_legacy,1.43761,2.438e-03
RESULT,4096,fused_fp32io,16x16x32/w8/occ2/smem47104/kernel_cached,4.73946,4.251e-04
RESULT,4096,fused_bf16io,16x16x32/w8/occ2/smem47104/kernel_cached,3.83940,2.378e-03
RESULT,4096,fused_fp16acc_fp32io,16x16x32/w8/occ2/smem43008/kernel_cached,3.82550,6.148e-04
RESULT,4096,fused_fp16acc_bf16io,16x16x32/w8/occ2/smem43008/kernel_cached,3.67027,2.438e-03
SELECT,4096,fused_fp16acc_bf16io,32x16x16/w8/occ2/smem43008/kernel_legacy,1.13864,2.421442903e-03,1.000000000e-02,bf16
MEMORY,4096,hybrid,1132604416,0,208.963,87040,0,0.034,735.021
RESULT,8192,cufft_pipeline_fp32,-,16.12700,3.684e-07
RESULT,8192,cufft_core_fp32,-,11.86178,3.684e-07
RESULT,8192,fused_fp32io,32x32x16/w4/occ1/smem78848/kernel_legacy,5.22213,3.972e-04
RESULT,8192,fused_bf16io,32x32x16/w4/occ1/smem78848/kernel_legacy,4.88583,2.373e-03
RESULT,8192,fused_fp16acc_fp32io,32x32x16/w4/occ1/smem76800/kernel_legacy,5.44275,6.199e-04
RESULT,8192,fused_fp16acc_bf16io,32x32x16/w4/occ1/smem76800/kernel_legacy,4.76364,2.420e-03
RESULT,8192,fused_fp32io,32x32x16/w4/occ1/smem78848/kernel_cached,10.32433,3.971e-04
RESULT,8192,fused_bf16io,32x32x16/w4/occ1/smem78848/kernel_cached,10.56657,2.373e-03
RESULT,8192,fused_fp16acc_fp32io,32x32x16/w4/occ1/smem76800/kernel_cached,9.73903,6.198e-04
RESULT,8192,fused_fp16acc_bf16io,32x32x16/w4/occ1/smem76800/kernel_cached,9.66541,2.420e-03
RESULT,8192,fused_fp32io,16x32x32/w4/occ1/smem78848/kernel_legacy,5.97920,3.944e-04
RESULT,8192,fused_bf16io,16x32x32/w4/occ1/smem78848/kernel_legacy,5.84878,2.372e-03
RESULT,8192,fused_fp16acc_fp32io,16x32x32/w4/occ1/smem76800/kernel_legacy,5.74335,6.140e-04
RESULT,8192,fused_fp16acc_bf16io,16x32x32/w4/occ1/smem76800/kernel_legacy,5.06566,2.436e-03
RESULT,8192,fused_fp32io,16x32x32/w4/occ1/smem78848/kernel_cached,10.92790,3.943e-04
RESULT,8192,fused_bf16io,16x32x32/w4/occ1/smem78848/kernel_cached,11.76915,2.372e-03
RESULT,8192,fused_fp16acc_fp32io,16x32x32/w4/occ1/smem76800/kernel_cached,11.04025,6.139e-04
RESULT,8192,fused_fp16acc_bf16io,16x32x32/w4/occ1/smem76800/kernel_cached,9.43396,2.436e-03
RESULT,8192,fused_fp32io,64x16x16/w4/occ1/smem88064/kernel_legacy,5.91886,4.271e-04
RESULT,8192,fused_bf16io,64x16x16/w4/occ1/smem88064/kernel_legacy,5.13525,2.378e-03
RESULT,8192,fused_fp16acc_fp32io,64x16x16/w4/occ1/smem86016/kernel_legacy,5.75387,6.794e-04
RESULT,8192,fused_fp16acc_bf16io,64x16x16/w4/occ1/smem86016/kernel_legacy,4.75504,2.454e-03
RESULT,8192,fused_fp32io,64x16x16/w4/occ1/smem88064/kernel_cached,10.17543,4.270e-04
RESULT,8192,fused_bf16io,64x16x16/w4/occ1/smem88064/kernel_cached,9.38563,2.378e-03
RESULT,8192,fused_fp16acc_fp32io,64x16x16/w4/occ1/smem86016/kernel_cached,9.68454,6.794e-04
RESULT,8192,fused_fp16acc_bf16io,64x16x16/w4/occ1/smem86016/kernel_cached,9.01720,2.453e-03
RESULT,8192,fused_fp32io,32x32x16/w8/occ1/smem82944/kernel_legacy,4.83386,3.972e-04
RESULT,8192,fused_bf16io,32x32x16/w8/occ1/smem82944/kernel_legacy,4.11284,2.373e-03
RESULT,8192,fused_fp16acc_fp32io,32x32x16/w8/occ1/smem78848/kernel_legacy,4.91113,6.199e-04
RESULT,8192,fused_fp16acc_bf16io,32x32x16/w8/occ1/smem78848/kernel_legacy,3.76312,2.420e-03
RESULT,8192,fused_fp32io,32x32x16/w8/occ1/smem82944/kernel_cached,8.18504,3.971e-04
RESULT,8192,fused_bf16io,32x32x16/w8/occ1/smem82944/kernel_cached,7.95734,2.373e-03
RESULT,8192,fused_fp16acc_fp32io,32x32x16/w8/occ1/smem78848/kernel_cached,8.46749,6.198e-04
RESULT,8192,fused_fp16acc_bf16io,32x32x16/w8/occ1/smem78848/kernel_cached,7.48476,2.420e-03
RESULT,8192,fused_fp32io,16x32x32/w8/occ1/smem82944/kernel_legacy,5.41343,3.944e-04
RESULT,8192,fused_bf16io,16x32x32/w8/occ1/smem82944/kernel_legacy,4.83359,2.372e-03
RESULT,8192,fused_fp16acc_fp32io,16x32x32/w8/occ1/smem78848/kernel_legacy,4.93703,6.140e-04
RESULT,8192,fused_fp16acc_bf16io,16x32x32/w8/occ1/smem78848/kernel_legacy,4.19714,2.436e-03
RESULT,8192,fused_fp32io,16x32x32/w8/occ1/smem82944/kernel_cached,8.56734,3.943e-04
RESULT,8192,fused_bf16io,16x32x32/w8/occ1/smem82944/kernel_cached,8.61471,2.372e-03
RESULT,8192,fused_fp16acc_fp32io,16x32x32/w8/occ1/smem78848/kernel_cached,8.66955,6.139e-04
RESULT,8192,fused_fp16acc_bf16io,16x32x32/w8/occ1/smem78848/kernel_cached,8.01008,2.436e-03
RESULT,8192,fused_fp32io,16x16x64/w8/occ1/smem92160/kernel_legacy,6.82857,4.258e-04
RESULT,8192,fused_bf16io,16x16x64/w8/occ1/smem92160/kernel_legacy,6.26776,2.378e-03
RESULT,8192,fused_fp16acc_fp32io,16x16x64/w8/occ1/smem88064/kernel_legacy,6.28923,6.463e-04
RESULT,8192,fused_fp16acc_bf16io,16x16x64/w8/occ1/smem88064/kernel_legacy,5.70324,2.445e-03
RESULT,8192,fused_fp32io,16x16x64/w8/occ1/smem92160/kernel_cached,11.43184,4.257e-04
RESULT,8192,fused_bf16io,16x16x64/w8/occ1/smem92160/kernel_cached,11.73014,2.378e-03
RESULT,8192,fused_fp16acc_fp32io,16x16x64/w8/occ1/smem88064/kernel_cached,11.33335,6.462e-04
RESULT,8192,fused_fp16acc_bf16io,16x16x64/w8/occ1/smem88064/kernel_cached,10.78591,2.445e-03
SELECT,8192,fused_fp16acc_bf16io,32x32x16/w8/occ1/smem78848/kernel_legacy,3.76312,2.420119196e-03,1.000000000e-02,bf16
MEMORY,8192,hybrid,2265132032,0,395.863,152576,0,0.052,1445.797
